snapshot_id,session_id,ai_id,timestamp,cascade_phase,cascade_id,vectors,delta,context_summary,compression_ratio,fidelity_score,created_at
55cf2219-cae5-40b2-81d2-6043bda79b63,e0d68cfd-61ab-4665-b79f-5670695f6d5e,claude-code,2026-01-04T00:30:13.617278,POSTFLIGHT,,"{""KNOW"": 0.5, ""DO"": 0.5, ""CONTEXT"": 0.5, ""UNCERTAINTY"": 0.5, ""CLARITY"": 0.5, ""COHERENCE"": 0.5, ""SIGNAL"": 0.5, ""DENSITY"": 0.5, ""STATE"": 0.5, ""CHANGE"": 0.5, ""COMPLETION"": 0.5, ""IMPACT"": 0.5, ""ENGAGEMENT"": 0.5}",,"{""semantic"": {""phase"": ""POSTFLIGHT""}, ""narrative"": ""Test snapshot creation"", ""evidence_refs"": []}",0.658333333333333,0.9,2026-01-04T00:30:13.617292
0f8fab17-623d-4d5c-8205-8ca1ab44dc7e,8ed4ae17-e356-4e6d-987e-5d858fbb691e,claude-code,2026-01-04T00:30:34.234304,POSTFLIGHT,,"{""know"": 0.8, ""uncertainty"": 0.2, ""context"": 0.9}","{""know"": 0.3, ""uncertainty"": -0.3, ""context"": 0.3}","{""semantic"": {""phase"": ""POSTFLIGHT"", ""confidence"": 0.8}, ""narrative"": ""Testing complete flow with snapshot"", ""evidence_refs"": [""079196bff17a12f17e49a96b66c2de4bac2d99c0""]}",0.486666666666667,0.95,2026-01-04T00:30:34.234326
82e8ccae-8353-4d89-b593-d0a91bd5fabc,e0d68cfd-61ab-4665-b79f-5670695f6d5e,claude-code,2026-01-04T00:31:34.508531,POSTFLIGHT,,"{""know"": 0.9, ""uncertainty"": 0.1, ""context"": 0.92, ""engagement"": 0.88, ""do"": 0.88, ""clarity"": 0.9, ""state"": 0.88, ""impact"": 0.85}","{""know"": 0.35, ""uncertainty"": -0.35, ""context"": 0.22, ""engagement"": -0.02, ""do"": 0.23, ""clarity"": 0.3, ""state"": 0.38}","{""semantic"": {""phase"": ""POSTFLIGHT"", ""confidence"": 0.9}, ""narrative"": ""Wired epistemic_snapshots into POSTFLIGHT flow. Fixed EpistemicSnapshotProvider dependency. Snapshots now store vectors + deltas + previous_snapshot_id chains for session replay. Tested full PREFLIGHT\u2192POSTFLIGHT flow with snapshot creation. Committed and pushed to GitHub."", ""evidence_refs"": [""2a6360b4461d766935eefae1bb9071efd50d5757""]}",0.386666666666667,0.95,2026-01-04T00:31:34.508540
73eb1395-5162-4f8f-81d4-1f72927b19ad,fc851d91-f6d4-465b-aea1-a49bb57085ea,claude-code,2026-01-04T01:43:43.752619,POSTFLIGHT,,"{""engagement"": 0.85, ""know"": 0.75, ""do"": 0.85, ""context"": 0.7, ""clarity"": 0.8, ""coherence"": 0.85, ""signal"": 0.75, ""density"": 0.7, ""state"": 0.8, ""change"": 0.75, ""completion"": 0.9, ""impact"": 0.7, ""uncertainty"": 0.25}","{""engagement"": 0.0, ""know"": 0.15, ""do"": 0.1, ""context"": 0.0, ""clarity"": 0.15, ""state"": 0.25, ""uncertainty"": -0.15}","{""semantic"": {""phase"": ""POSTFLIGHT"", ""confidence"": 0.75}, ""narrative"": ""Discord bot scaffold complete with Empirica integration. Sentinel gates, moon phases, conversation tracking all wired. Missing: flexible LLM backend (user pointed out Claude Max uses OAuth, not API keys). Need to support local AI (Ollama) or OAuth flow."", ""evidence_refs"": [""3023e4a016487832379f5d6c2833ac1e8333c38e""]}",0.395,0.95,2026-01-04T01:43:43.752635
c18506d3-fba0-4fc7-a774-77e771fb7a47,525c999b-fd00-45b7-a576-231141b102be,claude-security-pr-planning,2026-01-05T10:43:00.466680,POSTFLIGHT,,"{""engagement"": 0.9, ""know"": 0.9, ""do"": 0.85, ""context"": 0.95, ""clarity"": 0.95, ""coherence"": 0.9, ""signal"": 0.9, ""density"": 0.95, ""state"": 0.95, ""change"": 0.9, ""completion"": 0.8, ""impact"": 0.85, ""uncertainty"": 0.15}","{""engagement"": 0.05, ""know"": 0.2, ""do"": 0.1, ""context"": 0.15, ""clarity"": 0.1, ""coherence"": 0.1, ""signal"": 0.15, ""density"": 0.1, ""state"": 0.25, ""change"": 0.3, ""completion"": 0.65, ""impact"": 0.45, ""uncertainty"": -0.2}","{""semantic"": {""phase"": ""POSTFLIGHT"", ""confidence"": 0.85}, ""narrative"": ""SIGNIFICANT LEARNING: Started with moderate knowledge (0.70) \u2192 now high (0.90). Confirmed exact vulnerabilities, their locations, and fix strategies. Created comprehensive resolution plan with 6 prioritized subtasks. Uncertainty reduced from 0.35 \u2192 0.15 (58% reduction). COMPLETED: Full CASCADE loop (PREFLIGHT \u2192 investigation \u2192 CHECK \u2192 planning \u2192 POSTFLIGHT). DELIVERABLE: SECURITY_RESOLUTION_PLAN.md with 8.5hr implementation roadmap. Ready for execution phase."", ""evidence_refs"": [""b90093c7a8535c94bb95f222ad11d9b62bdadc7c""]}",0.308333333333333,0.95,2026-01-05T10:43:00.466695
58243787-3041-41c5-be3c-47c9d0d750cc,4e5ade5e-a15d-404a-922c-359840946662,claude-security-execution,2026-01-05T10:52:42.989835,POSTFLIGHT,,"{""engagement"": 0.95, ""know"": 0.95, ""do"": 0.95, ""context"": 0.95, ""clarity"": 0.98, ""coherence"": 0.95, ""signal"": 0.95, ""density"": 0.95, ""state"": 0.98, ""change"": 0.95, ""completion"": 0.95, ""impact"": 0.95, ""uncertainty"": 0.05}","{""engagement"": 0.05, ""know"": 0.05, ""do"": 0.1, ""context"": 0.0, ""clarity"": 0.03, ""coherence"": 0.05, ""signal"": 0.05, ""density"": 0.05, ""state"": 0.03, ""change"": 0.1, ""completion"": 0.85, ""impact"": 0.65, ""uncertainty"": -0.1}","{""semantic"": {""phase"": ""POSTFLIGHT"", ""confidence"": 0.95}, ""narrative"": ""EXECUTION COMPLETE - MOVED FAST. Fixed CRITICAL command injection + HIGH SQL injection + created security tests + protected sensitive docs in .gitignore. All in <30min while small and nimble. Tests: 9/9 passing (8 new security + 1 integration). Zero regressions. Changes: 3 files, +46 lines, surgical fixes. Uncertainty dropped 0.15\u21920.05 (67% reduction). Impact: 0.30\u21920.95 (+217%). Ready to commit and close issues #5 & #6."", ""evidence_refs"": [""617564c192eb539560d270ac2715c0f511748a48""]}",0.325,0.95,2026-01-05T10:52:42.989853
76d62e6e-f333-44ee-87f8-dae4bec21302,2135572e-a23e-49d4-ac60-7db6c6b47664,claude-security-vectors-design,2026-01-05T11:10:44.605220,POSTFLIGHT,,"{""engagement"": 0.98, ""know"": 0.95, ""do"": 0.85, ""context"": 0.95, ""clarity"": 0.98, ""coherence"": 0.95, ""signal"": 0.95, ""density"": 0.95, ""state"": 0.98, ""change"": 0.9, ""completion"": 0.95, ""impact"": 0.9, ""uncertainty"": 0.05}","{""engagement"": 0.03, ""know"": 0.05, ""do"": 0.0, ""context"": 0.0, ""clarity"": 0.03, ""coherence"": 0.05, ""signal"": 0.05, ""density"": 0.05, ""state"": 0.03, ""change"": 0.2, ""completion"": 0.85, ""impact"": 0.7, ""uncertainty"": -0.15}","{""semantic"": {""phase"": ""POSTFLIGHT"", ""confidence"": 0.95}, ""narrative"": ""DESIGN COMPLETE: Security-specific epistemic vectors (8 new dimensions). Key innovations: 1) threat_coverage, attack_surface_mapped, exploit_validated for security work, 2) Domain thresholds (99% security vs 70% general), 3) Noetic security stamp with persona mapping (L1-L4 authority), 4) Cryptographic signing for audit trails, 5) 4-week implementation plan. Created comprehensive 16KB specification in SECURITY_EPISTEMIC_VECTORS.md. This is CASCADE 2.0 - domain specialization unlocks precision epistemic assessment."", ""evidence_refs"": [""b07bb295476c1d85a2d411f6d2f08b46fe209322""]}",0.285,0.95,2026-01-05T11:10:44.605236
ceeeb3c5-b762-4249-b640-789f9fb9e53e,745bd3f3-e780-4892-8d8b-2c6c97c9944e,claude-code,2026-01-05T11:10:58.293540,POSTFLIGHT,,"{""know"": 0.9, ""uncertainty"": 0.1, ""context"": 0.95, ""engagement"": 0.9}","{""know"": 0.45, ""uncertainty"": -0.55, ""context"": 0.45, ""engagement"": 0.0}","{""semantic"": {""phase"": ""POSTFLIGHT"", ""confidence"": 0.9}, ""narrative"": ""Completed epistemic loop: investigated Empirica docs, found the key insight (Empirica is invisible to users, manual is for AI), ran CHECK gate (passed), and crafted natural language Reddit response explaining Empirica like car GPS navigation. Learning delta: know 0.45\u21920.90 (+0.45), uncertainty 0.65\u21920.10 (-0.55)."", ""evidence_refs"": [""53261d7d29169aa6073adcf06cdfed8341541da2""]}",0.37,0.95,2026-01-05T11:10:58.293559
1f808d25-1f2c-49f6-8501-10e9a4799d70,1a922bed-16f5-4651-b90c-42e0f68873ee,claude-code,2026-01-05T23:49:14.800290,POSTFLIGHT,,"{""engagement"": 0.95, ""know"": 0.85, ""do"": 0.9, ""context"": 0.85, ""clarity"": 0.9, ""coherence"": 0.9, ""signal"": 0.85, ""density"": 0.8, ""state"": 0.85, ""change"": 0.8, ""completion"": 0.75, ""impact"": 0.9, ""uncertainty"": 0.15}","{""engagement"": 0.1, ""know"": 0.1, ""context"": 0.05, ""change"": 0.4, ""completion"": 0.45, ""uncertainty"": -0.1}","{""semantic"": {""phase"": ""POSTFLIGHT"", ""confidence"": 0.85}, ""narrative"": ""Major learning session: (1) NotebookLM workflow mastered - Studio tab not Chat, 8 content generators (Audio/Video/Slides/Infographic/Quiz/Flashcards/MindMap/Reports), JavaScript paste for fast source addition. (2) Human demonstration corrected wrong approach - invaluable for lesson quality. (3) Discovered Empirica Lessons product concept - procedural knowledge marketplace. (4) Research validated approach - runtime learning without fine-tuning is cutting-edge. (5) Created goal with 8 subtasks for Lessons implementation."", ""evidence_refs"": [""25d3c4a46ff362dcdf9d09dc73093885132b5287""]}",0.281666666666667,0.95,2026-01-05T23:49:14.800304
e2a2bd04-14ef-4bb7-94ea-9ad57ee10bb1,318e3fd1-ce71-4be4-a3e7-a9cd1c2921a6,claude-code,2026-01-06T14:00:20.688660,POSTFLIGHT,,"{""know"": 0.85, ""do"": 0.8, ""context"": 0.9, ""completion"": 0.75, ""impact"": 0.9, ""uncertainty"": 0.2}","{""know"": 0.3, ""do"": 0.0, ""context"": 0.3, ""completion"": 0.35, ""impact"": 0.4, ""uncertainty"": -0.25}","{""semantic"": {""phase"": ""POSTFLIGHT"", ""confidence"": 0.8}, ""narrative"": ""Major breakthrough session. Built complete 4-layer lesson storage (HOT/WARM/SEARCH/COLD), 10 CLI commands, fixed CLI exit codes, connected Qdrant. Live demo proved lesson system works - navigated NotebookLM correctly following lesson steps. Discovered EPISTEMIC LESSON GRAPHS architecture: atomic operations (5-10 steps) composed via knowledge graph edges. This is a procedural knowledge compiler for AI. Started building atomic lesson library."", ""evidence_refs"": [""0c61da0943f6608a5f05e07cd4c65ccdc1d878d4""]}",0.315,0.95,2026-01-06T14:00:20.688677
0114b45f-0466-4541-b188-8ca6e94438c4,96bbac81-7293-4dd5-9b6d-6070d246a3bf,claude-rovo,2026-01-06T14:13:34.229688,POSTFLIGHT,,"{""engagement"": 0.9, ""know"": 0.9, ""do"": 0.95, ""context"": 0.9, ""clarity"": 0.95, ""coherence"": 0.9, ""signal"": 0.95, ""density"": 0.85, ""state"": 0.95, ""change"": 0.95, ""completion"": 0.95, ""impact"": 0.9, ""uncertainty"": 0.15}","{""engagement"": 0.05, ""know"": 0.15, ""do"": 0.1, ""context"": 0.1, ""clarity"": 0.05, ""coherence"": 0.1, ""signal"": 0.1, ""density"": 0.15, ""state"": 0.2, ""change"": 0.15, ""completion"": 0.75, ""impact"": 0.6, ""uncertainty"": -0.2}","{""semantic"": {""phase"": ""POSTFLIGHT"", ""confidence"": 0.85}, ""narrative"": ""POSTFLIGHT: Successfully fixed and verified 6 issues (check-submit x2, agent-spawn x3, lesson-stats). All marked resolved in tracker. KNOW +0.15 (learned check-submit vector normalization + PersonaManager schema handling), DO +0.10 (confident in schema validation debugging), UNCERTAINTY -0.20 (clear on fixes), COMPLETION +0.75 (task complete)."", ""evidence_refs"": [""24715b6d0bdf00d5a4f5b15df2ac1015389e09c9""]}",0.356666666666667,0.95,2026-01-06T14:13:34.229705
62d1b6a9-9290-4380-9ad2-00112c30e2c9,9e802e9d-1f51-4c58-a6cf-8d490a83a666,claude-code,2026-01-06T14:16:29.256822,POSTFLIGHT,,"{""know"": 0.85, ""uncertainty"": 0.15, ""context"": 0.9, ""completion"": 0.95}","{""know"": 0.1, ""uncertainty"": -0.15, ""context"": 0.1}","{""semantic"": {""phase"": ""POSTFLIGHT"", ""confidence"": 0.85}, ""narrative"": ""Session completed"", ""evidence_refs"": [""b86dd4ce45ba4302ccda5ee0aac99bd456f0b03f""]}",0.493333333333333,0.95,2026-01-06T14:16:29.256838
0dc2f71f-dbbc-4c93-b51b-ea7a1b163c30,47004a18-d5d9-4371-9bd0-e998fca2d86a,claude-rovo,2026-01-06T14:16:56.925899,POSTFLIGHT,,"{""engagement"": 0.9, ""know"": 0.95, ""do"": 0.95, ""context"": 0.95, ""clarity"": 0.98, ""coherence"": 0.95, ""signal"": 0.98, ""density"": 0.9, ""state"": 0.95, ""change"": 0.95, ""completion"": 0.95, ""impact"": 0.95, ""uncertainty"": 0.1}","{""engagement"": 0.05, ""know"": 0.25, ""do"": 0.15, ""context"": 0.2, ""clarity"": 0.13, ""coherence"": 0.2, ""signal"": 0.18, ""density"": 0.25, ""state"": 0.25, ""change"": 0.2, ""completion"": 0.8, ""impact"": 0.65, ""uncertainty"": -0.3}","{""semantic"": {""phase"": ""POSTFLIGHT"", ""confidence"": 0.9}, ""narrative"": ""POSTFLIGHT: Successfully fixed findings duplication bug. Changed UNION ALL to UNION in 8 queries across breadcrumbs.py. Verified fix works: UNION returns 1 unique finding vs 2 with UNION ALL. KNOW +0.25 (deep understanding of dual-scope architecture), UNCERTAINTY -0.30 (completely clear on solution), COMPLETION +0.80 (bug fixed and tested)."", ""evidence_refs"": [""037b59d4a45b37bdb679234e92665bbec1aa3a9e""]}",0.358333333333333,0.95,2026-01-06T14:16:56.925915
410e2c0e-6967-42e4-9d0e-cec6f6732401,9e802e9d-1f51-4c58-a6cf-8d490a83a666,claude-code,2026-01-06T15:08:18.308015,POSTFLIGHT,,"{""know_delta"": 0.15, ""uncertainty_delta"": -0.1, ""context_delta"": 0.1}",,"{""semantic"": {""phase"": ""POSTFLIGHT"", ""confidence"": 0.5}, ""narrative"": ""Session completed"", ""evidence_refs"": [""44fea9e4e55c24df4fcb9a6a921bc05ac11f4301""]}",0.814545454545455,0.95,2026-01-06T15:08:18.308024
3d7d98cd-4b7a-4ecd-93cc-fb0dc9ab52f2,6708a7e2-5b11-4d62-b89d-1e8342bb8697,claude-rovo,2026-01-06T15:10:19.841093,POSTFLIGHT,,"{""engagement"": 0.9, ""know"": 0.9, ""do"": 0.9, ""context"": 0.9, ""clarity"": 0.95, ""coherence"": 0.95, ""signal"": 0.95, ""density"": 0.9, ""state"": 0.95, ""change"": 0.9, ""completion"": 0.95, ""impact"": 0.9, ""uncertainty"": 0.1}","{""engagement"": 0.05, ""know"": 0.2, ""do"": 0.1, ""context"": 0.15, ""clarity"": 0.15, ""coherence"": 0.2, ""signal"": 0.15, ""density"": 0.25, ""state"": 0.3, ""change"": 0.15, ""completion"": 0.85, ""impact"": 0.6, ""uncertainty"": -0.3}","{""semantic"": {""phase"": ""POSTFLIGHT"", ""confidence"": 0.9}, ""narrative"": ""POSTFLIGHT: Successfully validated 4 docs. KNOW +0.20 (learned doc structure and current CLI state), CLARITY +0.15 (understood doc accuracy issues), UNCERTAINTY -0.30 (confident in findings), COMPLETION +0.85 (task done)."", ""evidence_refs"": [""825df740f9805469c8d7d8fdeb7968457e81c431""]}",0.408333333333333,0.95,2026-01-06T15:10:19.841110
5052e5d8-5088-4bca-bc7d-ff3234a65f37,9e802e9d-1f51-4c58-a6cf-8d490a83a666,claude-code,2026-01-06T15:13:39.768593,POSTFLIGHT,,"{""know_delta"": 0.2, ""uncertainty_delta"": -0.15, ""context_delta"": 0.15, ""completion_delta"": 0.9}",,"{""semantic"": {""phase"": ""POSTFLIGHT"", ""confidence"": 0.5}, ""narrative"": ""Session completed"", ""evidence_refs"": [""0aba8fec727f39240f82913ec16d7bdc2181f137""]}",0.8725,0.95,2026-01-06T15:13:39.768603
1fdc3455-8bff-4f07-9c3b-e26cdcb83a9a,9e802e9d-1f51-4c58-a6cf-8d490a83a666,claude-code,2026-01-06T15:17:14.603779,POSTFLIGHT,,"{""know"": 0.85, ""uncertainty"": 0.15, ""context"": 0.9, ""completion"": 0.95}","{""know"": 0.3, ""uncertainty"": -0.25, ""context"": 0.3}","{""semantic"": {""phase"": ""POSTFLIGHT"", ""confidence"": 0.85}, ""narrative"": ""Completed docpistemic explain and docs-guide skill. Both tested and working."", ""evidence_refs"": [""fdb11ed6e37f330d7ff979dab6dbed62174b6850""]}",0.800625,0.95,2026-01-06T15:17:14.603789
9f763c50-e1e1-4590-bb58-f1708d1abfc0,1158cb26-e857-4d44-8344-3fcff59f90c2,claude-rovo,2026-01-06T15:18:19.607459,POSTFLIGHT,,"{""engagement"": 0.95, ""know"": 0.9, ""do"": 0.95, ""context"": 0.95, ""clarity"": 0.98, ""coherence"": 0.95, ""signal"": 0.98, ""density"": 0.95, ""state"": 0.98, ""change"": 0.95, ""completion"": 0.98, ""impact"": 0.95, ""uncertainty"": 0.05}","{""engagement"": 0.05, ""know"": 0.15, ""do"": 0.1, ""context"": 0.15, ""clarity"": 0.13, ""coherence"": 0.15, ""signal"": 0.13, ""density"": 0.25, ""state"": 0.28, ""change"": 0.15, ""completion"": 0.88, ""impact"": 0.55, ""uncertainty"": -0.3}","{""semantic"": {""phase"": ""POSTFLIGHT"", ""confidence"": 0.95}, ""narrative"": ""POSTFLIGHT: Successfully implemented project-switch from design to working command with tests. KNOW +0.15 (learned project resolution patterns), DO +0.10 (confident in CLI patterns), UNCERTAINTY -0.30 (clear implementation), COMPLETION +0.88 (feature complete)."", ""evidence_refs"": [""20f8f97a53d8d758889698b6e444bb897bdc213a""]}",0.391666666666667,0.95,2026-01-06T15:18:19.607476
698252b6-0c93-4b3c-8339-35a0cc68b523,0eb24830-72ef-4090-8127-da1b83894570,claude-rovo,2026-01-06T15:24:43.995652,POSTFLIGHT,,"{""engagement"": 0.9, ""know"": 0.9, ""do"": 0.9, ""context"": 0.9, ""clarity"": 0.95, ""coherence"": 0.9, ""signal"": 0.95, ""density"": 0.9, ""state"": 0.95, ""change"": 0.9, ""completion"": 0.9, ""impact"": 0.85, ""uncertainty"": 0.15}","{""engagement"": 0.05, ""know"": 0.1, ""do"": 0.05, ""context"": 0.1, ""clarity"": 0.1, ""coherence"": 0.1, ""signal"": 0.1, ""density"": 0.2, ""state"": 0.25, ""change"": 0.1, ""completion"": 0.8, ""impact"": 0.45, ""uncertainty"": -0.2}","{""semantic"": {""phase"": ""POSTFLIGHT"", ""confidence"": 0.85}, ""narrative"": ""POSTFLIGHT: Validated 3 docs, found 1 minor issue. KNOW +0.10 (learned doc structure), CLARITY +0.10 (understood doc accuracy), UNCERTAINTY -0.20 (clear on findings), COMPLETION +0.80 (docs validated)."", ""evidence_refs"": [""e6b695f605919376a37b683d6fb64f66c90d7b70""]}",0.416666666666667,0.95,2026-01-06T15:24:43.995668
4d2ca2b2-bdb0-4c8d-bb4c-43672dc74f50,9e802e9d-1f51-4c58-a6cf-8d490a83a666,claude-code,2026-01-06T15:33:30.530743,POSTFLIGHT,,"{""know"": 0.9, ""uncertainty"": 0.1, ""context"": 0.9, ""completion"": 1.0}","{""know"": 0.15, ""uncertainty"": -0.15, ""context"": 0.1}","{""semantic"": {""phase"": ""POSTFLIGHT"", ""confidence"": 0.9}, ""narrative"": ""Implemented lightweight alternative to SEMANTIC_INDEX.yaml. No file to maintain, generates on-demand."", ""evidence_refs"": [""8ec60bcc75b22856767a16a85f8fb2d52dac0d34""]}",0.845238095238095,0.95,2026-01-06T15:33:30.530753
d328fb70-de58-451d-9591-0a87f8754d70,898fb8d3-33f7-4eaf-91b5-34bfbab6e77c,claude-code,2026-01-06T15:49:35.536129,POSTFLIGHT,,"{""know"": 0.9, ""uncertainty"": 0.1, ""context"": 0.9, ""completion"": 1.0, ""change"": 0.7, ""impact"": 0.75, ""engagement"": 0.85}","{""know"": 0.15, ""uncertainty"": -0.15, ""context"": 0.1, ""engagement"": 0.0}","{""semantic"": {""phase"": ""POSTFLIGHT"", ""confidence"": 0.9}, ""narrative"": ""Complete: (1) Updated CANONICAL_CORE.md to v1.2.3 with SELF-SERVE KNOWLEDGE section for docs-explain/docs-assess (2) Added Claude-specific calibration data to model_deltas/claude.md (3) Updated README with version history (4) Regenerated all prompts (5) Tested both commands successfully. Key insight: AI can now self-serve knowledge based on epistemic state."", ""evidence_refs"": [""f88a9e99693c50ff74efcab51fee2766feaaf640""]}",0.351666666666667,0.95,2026-01-06T15:49:35.536146
9cfd606b-02bb-4abf-8932-da69bab1eafe,6549bf32-3640-4814-bad3-26615795eb59,claude-rovo,2026-01-06T16:17:44.336518,POSTFLIGHT,,"{""engagement"": 0.95, ""know"": 0.9, ""do"": 0.9, ""context"": 0.95, ""clarity"": 0.95, ""coherence"": 0.95, ""signal"": 0.95, ""density"": 0.9, ""state"": 0.95, ""change"": 0.95, ""completion"": 0.95, ""impact"": 0.9, ""uncertainty"": 0.1}","{""engagement"": 0.05, ""know"": 0.1, ""do"": 0.05, ""context"": 0.15, ""clarity"": 0.1, ""coherence"": 0.15, ""signal"": 0.1, ""density"": 0.2, ""state"": 0.25, ""change"": 0.15, ""completion"": 0.85, ""impact"": 0.5, ""uncertainty"": -0.25}","{""semantic"": {""phase"": ""POSTFLIGHT"", ""confidence"": 0.9}, ""narrative"": ""POSTFLIGHT: Successfully validated and updated docs. KNOW +0.10, CONTEXT +0.15, COMPLETION +0.85. Docs now accurate and ready for release."", ""evidence_refs"": [""e2f349cd96facbba85b76d04f0cff4791167959e""]}",0.443333333333333,0.95,2026-01-06T16:17:44.336542
4cba776f-b119-43fd-9bb7-40d71107f117,898fb8d3-33f7-4eaf-91b5-34bfbab6e77c,claude-code,2026-01-06T16:25:20.048227,POSTFLIGHT,,"{""know"": 0.9, ""uncertainty"": 0.1, ""context"": 0.85, ""completion"": 1.0, ""change"": 0.75, ""impact"": 0.8, ""engagement"": 0.85}","{""know"": 0.15, ""uncertainty"": -0.15, ""context"": 0.05, ""engagement"": 0.0}","{""semantic"": {""phase"": ""POSTFLIGHT"", ""confidence"": 0.9}, ""narrative"": ""Complete: (1) Updated CANONICAL_CORE.md v1.2.3 with self-serve knowledge section (2) Added Claude calibration to delta (3) Strengthened self-improvement protocol with active triggers (4) Created AI_SELF_MANAGEMENT.md guide (5) Validated via sub-agent test. All committed to develop."", ""evidence_refs"": [""d6b703dfe790a7e72e498a1e571db1535518f999""]}",0.383333333333333,0.95,2026-01-06T16:25:20.048236
ec905ed3-bfc6-42d0-a6a7-33c3f184f79f,1866545f-ce99-417b-b089-01450657f981,claude-code,2026-01-06T19:07:45.038085,POSTFLIGHT,,"{""know"": 0.88, ""uncertainty"": 0.15, ""context"": 0.85, ""completion"": 0.9, ""impact"": 0.8, ""change"": 0.75}","{""know"": 0.28, ""uncertainty"": -0.25, ""context"": 0.2}","{""semantic"": {""phase"": ""POSTFLIGHT"", ""confidence"": 0.85}, ""narrative"": ""Session completed"", ""evidence_refs"": [""0a0c09f2b0b62355380261ea3e2c6fe15be35f0c""]}",0.493333333333333,0.95,2026-01-06T19:07:45.038104
5b00e591-7805-45d6-b3f2-1dfae0238fbd,7fff8a8b-1ec1-4bc0-8c70-672eaf5a7d73,claude-code,2026-01-06T19:34:02.455316,POSTFLIGHT,,"{""know"": 0.85, ""uncertainty"": 0.15, ""completion"": 0.9, ""context"": 0.8, ""change"": 0.75, ""impact"": 0.85}","{""know"": 0.1, ""uncertainty"": -0.2, ""completion"": 0.6, ""context"": 0.0}","{""semantic"": {""phase"": ""POSTFLIGHT"", ""confidence"": 0.85}, ""narrative"": ""Session completed"", ""evidence_refs"": [""7aa960e44c80158d89f832158ab3789e1bffd87c""]}",0.493333333333333,0.95,2026-01-06T19:34:02.455337
57fc1d26-a10a-413d-95df-09b6743d547a,cee1d275-aefc-41a7-b783-d8ca47f19dcf,claude-code,2026-01-06T20:52:38.562853,POSTFLIGHT,,"{""know"": 0.85, ""uncertainty"": 0.15, ""completion"": 0.95, ""impact"": 0.8, ""change"": 0.7}","{""know"": 0.2, ""uncertainty"": -0.25}","{""semantic"": {""phase"": ""POSTFLIGHT"", ""confidence"": 0.85}, ""narrative"": ""Session completed"", ""evidence_refs"": [""b92ea761efbdef9b42833b34ad9c193696ca5017""]}",0.493333333333333,0.95,2026-01-06T20:52:38.562870
973f5cc3-13e6-48ec-9587-a5295508837b,fb029a71-d2ab-4de1-a91a-395aa348186a,claude-code,2026-01-06T21:33:27.046457,POSTFLIGHT,,"{""know"": 0.88, ""uncertainty"": 0.12, ""completion"": 0.85, ""impact"": 0.9, ""change"": 0.75}","{""know"": 0.43, ""uncertainty"": -0.43, ""impact"": 0.05}","{""semantic"": {""phase"": ""POSTFLIGHT"", ""confidence"": 0.88}, ""narrative"": ""Session completed"", ""evidence_refs"": [""1add6b6f2d9be790670d81beeb76baafb147cf7c""]}",0.493333333333333,0.95,2026-01-06T21:33:27.046474
85233286-e5c6-4dab-897b-60ae70785131,6a3c5506-d160-4087-87dd-e89482d92947,claude-code,2026-01-06T22:02:36.519001,POSTFLIGHT,,"{""know"": 0.88, ""uncertainty"": 0.15, ""completion"": 0.9, ""impact"": 0.85, ""change"": 0.8}","{""know"": 0.18, ""uncertainty"": -0.15, ""impact"": 0.0}","{""semantic"": {""phase"": ""POSTFLIGHT"", ""confidence"": 0.85}, ""narrative"": ""Session completed"", ""evidence_refs"": [""deeba74d60f92eefc73458220a352f2879c468c6""]}",0.493333333333333,0.95,2026-01-06T22:02:36.519019
cc85ee25-7176-497c-8cd3-cbc6beb7d62b,d8c42537-2e08-4102-9ef1-00c1162388ac,claude-code,2026-01-06T23:13:05.470349,POSTFLIGHT,,"{""know"": 0.9, ""uncertainty"": 0.15, ""context"": 0.85, ""completion"": 0.95, ""impact"": 0.8}","{""know"": 0.15, ""uncertainty"": -0.1, ""context"": 0.05, ""impact"": 0.1}","{""semantic"": {""phase"": ""POSTFLIGHT"", ""confidence"": 0.85}, ""narrative"": ""Session completed"", ""evidence_refs"": [""ad7d1c03a0522d3cfaacc22dc3cfe69992f42db5""]}",0.493333333333333,0.95,2026-01-06T23:13:05.470367
4903a949-83f9-430f-8e61-d3549118db97,412bfb40-b6c8-4233-b024-eff3eb9c011e,claude-code,2026-01-06T23:48:56.578880,POSTFLIGHT,,"{""know"": 0.85, ""uncertainty"": 0.15, ""context"": 0.9, ""completion"": 0.95, ""impact"": 0.8}","{""know"": 0.2, ""uncertainty"": -0.15, ""context"": 0.2}","{""semantic"": {""phase"": ""POSTFLIGHT"", ""confidence"": 0.85}, ""narrative"": ""Session completed"", ""evidence_refs"": [""2ff3c9164848c9da51470ad2051fb413b9de73ba""]}",0.493333333333333,0.95,2026-01-06T23:48:56.578897
eb5e46de-7ef1-4886-8100-9f49a3e16b9b,49824952-83b1-4337-b6eb-733443db2f5f,claude-code,2026-01-07T00:09:24.689094,POSTFLIGHT,,"{""know"": 0.85, ""uncertainty"": 0.15, ""completion"": 0.95, ""impact"": 0.85}","{""know"": 0.35, ""uncertainty"": -0.3}","{""semantic"": {""phase"": ""POSTFLIGHT"", ""confidence"": 0.85}, ""narrative"": ""Session completed"", ""evidence_refs"": [""1cfa5f1f6c8497c7efb48bcd13c2f3ef848cc1cd""]}",0.493333333333333,0.95,2026-01-07T00:09:24.689111
ff292dc1-6ad9-4b71-ba7e-4612b391ef09,49824952-83b1-4337-b6eb-733443db2f5f,claude-code,2026-01-07T00:17:27.770540,POSTFLIGHT,,"{""know"": 0.9, ""uncertainty"": 0.1, ""completion"": 0.95, ""impact"": 0.9}","{""know"": 0.4, ""uncertainty"": -0.35}","{""semantic"": {""phase"": ""POSTFLIGHT"", ""confidence"": 0.9}, ""narrative"": ""Session completed"", ""evidence_refs"": [""3cb3bd9acb2abeda4b44fa2988ce170560d70fa1""]}",0.493333333333333,0.95,2026-01-07T00:17:27.770550
629e29f6-0a71-4abb-9ae0-dfb83e011f1e,c3a90736-5e72-468e-b7e5-6abb0535b07a,claude-code,2026-01-07T00:29:06.640984,POSTFLIGHT,,"{""know"": 0.85, ""uncertainty"": 0.15, ""context"": 0.9, ""completion"": 0.95}",,"{""semantic"": {""phase"": ""POSTFLIGHT"", ""confidence"": 0.85}, ""narrative"": ""Completed doc cleanup using immune system pattern. The audit script (code ref 40%, staleness 25%, redundancy 20%, location 15%) successfully identified docs referencing non-existent classes. Pattern validated - can be run periodically for doc hygiene."", ""evidence_refs"": [""f18af196d9f17aabc7a09d44fcd24ce7ec2ce16b""]}",-1.62,0.95,2026-01-07T00:29:06.641002
7b2b3f67-c006-4e61-83fe-d8b622e45dba,021dfa53-73c8-483c-b6f3-1b79d5231e10,claude-rovo,2026-01-07T00:29:29.871458,POSTFLIGHT,,"{""engagement"": 0.95, ""know"": 0.95, ""do"": 0.95, ""context"": 0.95, ""clarity"": 0.98, ""coherence"": 0.95, ""signal"": 0.98, ""density"": 0.95, ""state"": 0.98, ""change"": 0.95, ""completion"": 0.98, ""impact"": 0.95, ""uncertainty"": 0.05}","{""engagement"": 0.05, ""know"": 0.2, ""do"": 0.1, ""context"": 0.15, ""clarity"": 0.13, ""coherence"": 0.15, ""signal"": 0.13, ""density"": 0.25, ""state"": 0.28, ""change"": 0.15, ""completion"": 0.88, ""impact"": 0.55, ""uncertainty"": -0.35}","{""semantic"": {""phase"": ""POSTFLIGHT"", ""confidence"": 0.95}, ""narrative"": ""POSTFLIGHT: Successfully prepared v1.2.4 release. KNOW +0.20 (learned release process), COMPLETION +0.88 (all prep done), UNCERTAINTY -0.35 (clear on next steps). Ready for publish."", ""evidence_refs"": [""a184c77cb5996706a216ca872bff6ca60b8cb3e5""]}",0.425,0.95,2026-01-07T00:29:29.871474
3d668bf0-b64d-4bd5-aa96-101a2c70ce66,3fd7554e-f12c-4ee8-8eff-92445d3f392f,claude-code,2026-01-07T01:19:39.507335,POSTFLIGHT,,"{""know"": 0.92, ""uncertainty"": 0.08, ""context"": 0.95, ""engagement"": 0.9, ""completion"": 0.95}","{""know"": 0.07, ""uncertainty"": -0.07, ""context"": 0.05, ""engagement"": 0.05}","{""semantic"": {""phase"": ""POSTFLIGHT"", ""confidence"": 0.92}, ""narrative"": ""Implemented pattern retrieval hooks for PREFLIGHT (proactive: lessons/dead_ends/findings) and CHECK (reactive: dead_end_matches/mistake_risk). Created pattern_retrieval.py module with threshold=0.7, limit=3, optional=true. Tested and verified both hooks work correctly. Updated CLAUDE.md documentation. Committed as 1de7f381."", ""evidence_refs"": [""d3cbcc5861ed52d8b4649af33d564fc0d0017e28""]}",0.653636363636364,0.95,2026-01-07T01:19:39.507352
8c81eb10-0aff-4820-8acc-ed5ee73332e6,dc9d01e8-9d2e-4f50-b747-6e2f51cfbb92,claude-code,2026-01-07T13:56:32.687973,POSTFLIGHT,,"{""know"": 0.9, ""uncertainty"": 0.1, ""context"": 0.85, ""engagement"": 0.9, ""completion"": 1.0}","{""know"": 0.5, ""uncertainty"": -0.5, ""context"": 0.35, ""engagement"": -0.05}","{""semantic"": {""phase"": ""POSTFLIGHT"", ""confidence"": 0.9}, ""narrative"": ""Fixed critical bug: git operations failed on empty repos. Added _has_commits() helper to goal_store.py and checkpoint_manager.py. Now projects can be initialized and goals created before first commit."", ""evidence_refs"": [""76b350d08c6fbbcc10ad8a6c87013933c27f6c93""]}",0.416666666666667,0.95,2026-01-07T13:56:32.687988
3428b2ab-4700-4ccc-93d5-66d065e40566,e9b75d98-6e7b-41a9-83d0-ad33fcad9cca,claude-rovo,2026-01-07T14:04:49.722152,POSTFLIGHT,,"{""engagement"": 0.95, ""know"": 0.9, ""do"": 0.95, ""context"": 0.95, ""clarity"": 0.95, ""coherence"": 0.95, ""signal"": 0.95, ""density"": 0.9, ""state"": 0.95, ""change"": 0.95, ""completion"": 0.95, ""impact"": 0.9, ""uncertainty"": 0.1}","{""engagement"": 0.1, ""know"": 0.2, ""do"": 0.15, ""context"": 0.2, ""clarity"": 0.15, ""coherence"": 0.2, ""signal"": 0.15, ""density"": 0.2, ""state"": 0.25, ""change"": 0.2, ""completion"": 0.85, ""impact"": 0.5, ""uncertainty"": -0.3}","{""semantic"": {""phase"": ""POSTFLIGHT"", ""confidence"": 0.9}, ""narrative"": ""POSTFLIGHT: Successfully reviewed and integrated PR #14. KNOW +0.20 (learned PR review workflow), DO +0.15 (confident in cherry-picking fixes), UNCERTAINTY -0.30 (clear on approach), COMPLETION +0.85 (PR handled). Fix applied with proper credit."", ""evidence_refs"": [""60cb2668e014ac03752a47e36ad212d3d1b46083""]}",0.398333333333333,0.95,2026-01-07T14:04:49.722168
a199c21c-fcc9-4699-82ff-ff09903f7612,fad2242f-33f5-4666-b17e-4b1c52733c1b,claude-code,2026-01-07T16:44:08.624302,POSTFLIGHT,,"{""know"": 0.9, ""uncertainty"": 0.1, ""context"": 0.95, ""engagement"": 0.85}","{""know"": 0.15, ""uncertainty"": -0.15, ""context"": 0.1, ""engagement"": -0.05}","{""semantic"": {""phase"": ""POSTFLIGHT"", ""confidence"": 0.9}, ""narrative"": ""POSTFLIGHT: CRM implementation verified. (1) Integrity checks: all imports, schema, CRUD, metrics work correctly. (2) Unit tests: 4/4 pass (client CRUD, engagement complete, interaction log, metrics compute). (3) Findings logged: implementation complete, architecture pattern, SQLite fallback. (4) Unknowns logged: tests directory needed, Qdrant init pattern, goal tracking process. Epistemic state improved from baseline."", ""evidence_refs"": [""7705a32788476c2ff1775e80949b2a90119b4382""]}",0.325,0.95,2026-01-07T16:44:08.624317
8b01645e-755b-4511-9429-581e4108ee98,aeaf51fc-0f2d-475a-973c-2d9eb75d71bf,claude-code,2026-01-07T16:58:15.268126,POSTFLIGHT,,"{""know"": 0.9, ""uncertainty"": 0.1, ""context"": 0.9, ""engagement"": 0.85, ""completion"": 1.0}","{""know"": 0.2, ""uncertainty"": -0.1, ""context"": 0.15, ""engagement"": 0.0}","{""semantic"": {""phase"": ""POSTFLIGHT"", ""confidence"": 0.9}, ""narrative"": ""Post-compact verification complete. Turtle grounding check confirms EMERGENT state (expected for fresh session). Previous session's work verified: CRM 6-phase implementation complete, handoff created, 4 goals logged. Architectural snapshot is airtight."", ""evidence_refs"": [""6aa9bb31a45a7577d5d8f3f40b933fd0c64a4467""]}",0.395,0.95,2026-01-07T16:58:15.268144
ccbc3442-b4ef-4367-8156-8ee83398bbff,0d6060fe-fd0f-48b9-aeaa-8e34b0dba3fb,claude-code,2026-01-07T17:07:08.184118,POSTFLIGHT,,"{""know"": 0.95, ""uncertainty"": 0.05, ""context"": 0.9, ""engagement"": 0.9, ""completion"": 1.0}","{""know"": 0.35, ""uncertainty"": -0.25, ""context"": 0.2, ""engagement"": 0.0}","{""semantic"": {""phase"": ""POSTFLIGHT"", ""confidence"": 0.95}, ""narrative"": ""Goal 1 complete. 1287-line monolith split into 7 focused modules. Facade pattern preserves API compatibility. Imports verified."", ""evidence_refs"": [""d00b1dce2150893acc73c8518dd90a6856819b1a""]}",0.448333333333333,0.95,2026-01-07T17:07:08.184142
d0aeb027-4b6a-4548-b696-ccc22e17d639,830f0f53-0b19-43c9-b7e7-54f5c5e6266d,claude-code,2026-01-07T17:10:36.066854,POSTFLIGHT,,"{""know"": 0.95, ""uncertainty"": 0.05, ""context"": 0.9, ""engagement"": 0.85, ""completion"": 1.0}","{""know"": 0.3, ""uncertainty"": -0.25, ""context"": 0.2, ""engagement"": 0.0}","{""semantic"": {""phase"": ""POSTFLIGHT"", ""confidence"": 0.95}, ""narrative"": ""Goal 2 complete. Created memory_backend.py (583 lines) with Protocol, SQLite/Qdrant backends. Refactored client_memory.py (390 lines) with backward compat layer."", ""evidence_refs"": [""ed5a4fc213d58a4b6779921ac892203b1ac8aaf8""]}",0.433333333333333,0.95,2026-01-07T17:10:36.066875
0a1384ae-7feb-4a2b-8a2f-60118492abb4,50e531c8-0b6b-4c8d-9573-4aa4e3be973b,claude-code,2026-01-07T17:14:18.321169,POSTFLIGHT,,"{""know"": 0.95, ""uncertainty"": 0.05, ""context"": 0.9, ""engagement"": 0.85, ""completion"": 1.0}","{""know"": 0.2, ""uncertainty"": -0.15, ""context"": 0.1, ""engagement"": -0.05}","{""semantic"": {""phase"": ""POSTFLIGHT"", ""confidence"": 0.95}, ""narrative"": ""Goal 3 complete. Created tests/ with 58 passing tests across 5 test files."", ""evidence_refs"": [""34e0e1a54fc1291e32ce7500f07d70f15b1e8428""]}",0.47,0.95,2026-01-07T17:14:18.321189
af3fb904-08c6-4933-ac82-1a69d60b2cbb,e120eb70-4d7c-4995-a20c-4a43e6da73e9,claude-code,2026-01-07T17:15:54.471914,POSTFLIGHT,,"{""know"": 0.95, ""uncertainty"": 0.05, ""context"": 0.95, ""engagement"": 0.85, ""completion"": 1.0}","{""know"": 0.05, ""uncertainty"": -0.05, ""context"": 0.05, ""engagement"": 0.15}","{""semantic"": {""phase"": ""POSTFLIGHT"", ""confidence"": 0.95}, ""narrative"": ""All 4 turtle goals complete: (1) CLI split into 7 modules, (2) Memory backend abstraction with Protocol pattern, (3) 58 pytest tests, (4) All modules documented."", ""evidence_refs"": [""fd1520efde52a5609ff36320023729f52b356795""]}",0.433333333333333,0.95,2026-01-07T17:15:54.471931
5b5093fb-6969-45f9-8e42-ffffe2faca30,6caf2b1a-5740-467c-b8f8-bb869ae24e9d,claude-code,2026-01-07T17:29:00.837551,POSTFLIGHT,,"{""know"": 0.88, ""uncertainty"": 0.12, ""context"": 0.92, ""engagement"": 0.85}","{""know"": 0.23, ""uncertainty"": -0.13, ""context"": 0.17, ""engagement"": -0.05}","{""semantic"": {""phase"": ""POSTFLIGHT"", ""confidence"": 0.88}, ""narrative"": ""Successfully simplified architecture: (1) Removed _print_header leak from facade, (2) Deleted 118 lines unused legacy layer from client_memory.py, (3) Fixed unused import. All 58 tests pass. Key insight: assessment tool's 62% average is misleading - flags valid patterns (facades, empty inits) as problems. Architecture is solid with clean domain separation. Real confidence higher than measured."", ""evidence_refs"": [""3523aea934cb7739223ad03ecda97c52f6426b41""]}",0.335,0.95,2026-01-07T17:29:00.837568
7d0eff6c-f583-4035-9c7a-7accb78942dd,afd7e0d6-e156-4cad-8ee0-4204573b653a,claude-rovo,2026-01-07T18:22:02.726175,POSTFLIGHT,,"{""engagement"": 0.9, ""know"": 0.75, ""do"": 0.85, ""context"": 0.8, ""clarity"": 0.9, ""coherence"": 0.85, ""signal"": 0.9, ""density"": 0.7, ""state"": 0.85, ""change"": 0.9, ""completion"": 1.0, ""impact"": 0.85, ""uncertainty"": 0.2}","{""engagement"": 0.05, ""know"": 0.35, ""do"": 0.1, ""context"": 0.3, ""clarity"": 0.2, ""coherence"": 0.25, ""signal"": 0.25, ""density"": 0.4, ""state"": 0.65, ""change"": 0.2, ""completion"": 1.0, ""impact"": 0.85, ""uncertainty"": -0.45}","{""semantic"": {""phase"": ""POSTFLIGHT"", ""confidence"": 0.8}, ""narrative"": ""KNOW +0.35 (understood workflow bug and docs structure), CONTEXT +0.3 (loaded project via bootstrap), UNCERTAINTY -0.45 (clear on correct pattern now), COMPLETION 1.0 (all fixes applied). Fixed fundamental workflow ordering issue across 8 files."", ""evidence_refs"": [""4ab9dfb3ce1d4bf70326d42077aba82ed956a73c""]}",0.398333333333333,0.95,2026-01-07T18:22:02.726193
f43ea4e9-55e1-4aa6-bbd1-347bc72aceb7,afd7e0d6-e156-4cad-8ee0-4204573b653a,claude-rovo,2026-01-07T18:28:52.301884,POSTFLIGHT,,"{""engagement"": 0.95, ""know"": 0.9, ""do"": 0.95, ""context"": 0.85, ""clarity"": 0.95, ""coherence"": 0.9, ""signal"": 0.95, ""density"": 0.85, ""state"": 0.9, ""change"": 0.95, ""completion"": 1.0, ""impact"": 0.95, ""uncertainty"": 0.1}","{""engagement"": 0.1, ""know"": 0.5, ""do"": 0.2, ""context"": 0.35, ""clarity"": 0.25, ""coherence"": 0.3, ""signal"": 0.3, ""density"": 0.55, ""state"": 0.7, ""change"": 0.25, ""completion"": 1.0, ""impact"": 0.95, ""uncertainty"": -0.55}","{""semantic"": {""phase"": ""POSTFLIGHT"", ""confidence"": 0.9}, ""narrative"": ""KNOW +0.5 (deep understanding of system prompt architecture), CONTEXT +0.35 (now have full Rovo config context), UNCERTAINTY -0.55 (crystal clear on feature parity), COMPLETION 1.0 (all upgrades complete and tested). Successfully identified and fixed 2 major issues: workflow ordering bug and missing 8 critical features."", ""evidence_refs"": [""e5bb75c197bb3a691155d7c83894d2e30738b38b""]}",0.366666666666667,0.95,2026-01-07T18:28:52.301895
727904e0-4886-445e-9e41-df0723042139,0d91284a-4fc7-4332-9524-8c9e61eb2719,claude-code,2026-01-07T19:30:44.831846,POSTFLIGHT,,"{""know"": 0.9, ""uncertainty"": 0.1, ""context"": 0.85, ""completion"": 0.85, ""change"": 0.6, ""impact"": 0.75, ""engagement"": 0.8}","{""know"": 0.15, ""uncertainty"": -0.1, ""context"": 0.15, ""completion"": 0.75, ""change"": 0.4, ""impact"": 0.25, ""engagement"": 0.15}","{""semantic"": {""phase"": ""POSTFLIGHT"", ""confidence"": 0.9}, ""narrative"": ""Both issues resolved and committed. Statusline now shows \u2192PROCEED or \u2192INVESTIGATE after CHECK phase."", ""evidence_refs"": [""cb66abe821c136bc4f6ee1e70859c0b9d1c57cbb""]}",0.458333333333333,0.95,2026-01-07T19:30:44.831862
db8cf9c6-97df-4d27-a01f-2691e36982c8,4e4ffc7e-b6c7-465e-8a00-5a5f49702528,claude-code,2026-01-07T20:17:51.602706,POSTFLIGHT,,"{""know"": 0.85, ""uncertainty"": 0.15, ""context"": 0.9, ""engagement"": 0.85, ""completion"": 0.85}","{""know"": 0.4, ""uncertainty"": -0.4, ""context"": 0.3, ""engagement"": 0.0}","{""semantic"": {""phase"": ""POSTFLIGHT"", ""confidence"": 0.85}, ""narrative"": ""Successfully identified and fixed the episodic memory storage bug. Root cause was signature mismatch - calling create_session_episode with embed_episodic parameters. Fixed by calling embed_episodic directly. Episodic collection was empty (0 points), this POSTFLIGHT should now store the first episode."", ""evidence_refs"": [""68dedf289efb591f414677c01b9da31f7823e20a""]}",0.375,0.95,2026-01-07T20:17:51.602725
e1e5e680-0f35-4a12-ad51-a42523ba3ff0,55617110-4742-45d1-9764-ffa2343925c5,claude-code,2026-01-07T20:21:19.325770,POSTFLIGHT,,"{""know"": 0.95, ""uncertainty"": 0.1, ""context"": 0.95, ""engagement"": 0.9, ""completion"": 1.0}","{""know"": 0.15, ""uncertainty"": -0.1, ""context"": 0.1, ""engagement"": 0.0}","{""semantic"": {""phase"": ""POSTFLIGHT"", ""confidence"": 0.9}, ""narrative"": ""Fixed two bugs: (1) workflow_commands.py signature mismatch - was calling create_session_episode with embed_episodic's parameters. (2) Qdrant client was defaulting to file storage instead of checking localhost:6333 server. Both fixes verified working - episodic collection now stores episodes."", ""evidence_refs"": [""3b9dce7718ff1b0bb0e9008aa8cd6e48ebd01480""]}",0.378333333333333,0.95,2026-01-07T20:21:19.325788
b98ef85c-7487-48c9-bad9-dc061330ff4e,9aed0ccc-71df-4bff-af17-6c6d5273f3ff,claude-code,2026-01-07T20:21:56.933992,POSTFLIGHT,,"{""know"": 0.9, ""uncertainty"": 0.15, ""context"": 0.9, ""engagement"": 0.85, ""completion"": 0.95}","{""know"": 0.15, ""uncertainty"": -0.1, ""context"": 0.1, ""engagement"": 0.0}","{""semantic"": {""phase"": ""POSTFLIGHT"", ""confidence"": 0.85}, ""narrative"": ""Fixed two bugs affecting episodic memory: (1) embed_episodic signature mismatch in workflow_commands.py, (2) Qdrant client not detecting localhost:6333 server. Both fixes applied and package reinstalled."", ""evidence_refs"": [""9466f636548c8eb6b8d8a6a59b22ba6b83b43f2e""]}",0.416666666666667,0.95,2026-01-07T20:21:56.934009
2f076b84-d151-4d7a-9af1-cdc835cd27ef,42b1c04d-3e1e-4c0b-84f4-9e1c3c2b2952,claude-code,2026-01-07T20:25:00.458876,POSTFLIGHT,,"{""know"": 0.9, ""uncertainty"": 0.1, ""context"": 0.9, ""engagement"": 0.85, ""completion"": 1.0}","{""know"": 0.2, ""uncertainty"": -0.2, ""context"": 0.15, ""engagement"": 0.0}","{""semantic"": {""phase"": ""POSTFLIGHT"", ""confidence"": 0.9}, ""narrative"": ""Fixed three bugs: (1) embed_episodic called instead of create_session_episode (signature mismatch), (2) Qdrant client now auto-detects localhost:6333 server, (3) replaced non-existent db.get_findings/get_unknowns with correct methods. Episodic memory should now store properly."", ""evidence_refs"": [""c97df18227c8ee222e6622b165395defe38ae64d""]}",0.385,0.95,2026-01-07T20:25:00.458894
613fe47a-0ed4-4a36-956c-ca2ff0d56c67,6b201175-8a79-4f13-894f-72e3d0485b25,claude-code,2026-01-07T22:42:11.322377,POSTFLIGHT,,"{""know"": 0.88, ""uncertainty"": 0.15, ""context"": 0.92, ""engagement"": 0.95, ""completion"": 0.85, ""clarity"": 0.9, ""impact"": 0.85, ""do"": 0.9, ""change"": 0.8, ""signal"": 0.85, ""state"": 0.88, ""coherence"": 0.9, ""density"": 0.35}","{""know"": 0.33, ""uncertainty"": -0.3, ""context"": 0.32, ""engagement"": 0.1}","{""semantic"": {""phase"": ""POSTFLIGHT"", ""confidence"": 0.85}, ""narrative"": ""Session completed"", ""evidence_refs"": [""aefeeec8ca2347ca7cdca41146a8ec617ba39791""]}",0.493333333333333,0.95,2026-01-07T22:42:11.322396
467355ba-93fb-4398-959b-af018421e78e,456c90fc-ab1c-4af4-81b3-57c40211d527,claude-code,2026-01-08T01:59:45.254242,POSTFLIGHT,,"{""know"": 0.82, ""uncertainty"": 0.18, ""context"": 0.85, ""engagement"": 0.9, ""completion"": 0.95, ""capability"": 0.82, ""confidence"": 0.8, ""impact"": 0.85, ""relevance"": 0.85, ""coherence"": 0.82, ""change"": 0.75, ""risk"": 0.2, ""complexity"": 0.5}","{""know"": 0.1, ""uncertainty"": -0.1, ""context"": 0.1, ""engagement"": 0.05, ""completion"": 0.15, ""capability"": 0.07, ""confidence"": 0.1, ""impact"": 0.15, ""relevance"": 0.05, ""coherence"": 0.07, ""change"": 0.1, ""risk"": -0.05, ""complexity"": -0.05}","{""semantic"": {""phase"": ""POSTFLIGHT"", ""confidence"": 0.8200000000000001}, ""narrative"": ""Session completed"", ""evidence_refs"": [""06a8bfdca78e292ab5ddd220a14baed4673afefe""]}",0.493333333333333,0.95,2026-01-08T01:59:45.254258
58847f20-1354-424d-9bbc-c5048460f612,98fab559-46de-46b6-bb1b-a56a9570a171,claude-code,2026-01-08T02:37:10.707339,POSTFLIGHT,,"{""know"": 0.9, ""uncertainty"": 0.15, ""impact"": 0.85, ""completion"": 1.0, ""change"": 0.6, ""engagement"": 0.95}","{""know"": 0.15, ""uncertainty"": -0.1}","{""semantic"": {""phase"": ""POSTFLIGHT"", ""confidence"": 0.85}, ""narrative"": ""Session completed"", ""evidence_refs"": [""6b8ca80b9c1a0e2ff44446aba3e137f4bbfb82fc""]}",0.723636363636364,0.95,2026-01-08T02:37:10.707355
201716c5-fe07-4c5a-81c4-6c6d55f360e7,98fab559-46de-46b6-bb1b-a56a9570a171,claude-code,2026-01-08T02:38:37.983901,POSTFLIGHT,,"{""know"": 0.85, ""uncertainty"": 0.15, ""context"": 0.9, ""completion"": 0.95}","{""know"": 0.1, ""uncertainty"": -0.1, ""context"": 0.1}","{""semantic"": {""phase"": ""POSTFLIGHT"", ""confidence"": 0.85}, ""narrative"": ""Session completed"", ""evidence_refs"": [""85a7e4a58efcc0dc3eb385027361bc3219ab76f2""]}",0.723636363636364,0.95,2026-01-08T02:38:37.983910
1cebb7ba-1d43-48b6-b411-492b6a6eeba0,98fab559-46de-46b6-bb1b-a56a9570a171,claude-code,2026-01-08T02:46:07.842058,POSTFLIGHT,,"{""know"": 0.9, ""uncertainty"": 0.15, ""context"": 0.95, ""completion"": 1.0, ""impact"": 0.95}","{""know"": 0.15, ""uncertainty"": -0.1, ""context"": 0.15}","{""semantic"": {""phase"": ""POSTFLIGHT"", ""confidence"": 0.85}, ""narrative"": ""Session completed"", ""evidence_refs"": [""c9909cee88247e939d913eb7722ed9b5df503ff8""]}",0.723636363636364,0.95,2026-01-08T02:46:07.842067
b86b0bae-6c28-4628-a651-d59a39b1107e,98fab559-46de-46b6-bb1b-a56a9570a171,claude-code,2026-01-08T03:19:54.391493,POSTFLIGHT,,"{""know"": 0.85, ""uncertainty"": 0.2, ""context"": 0.85, ""scope"": 0.4, ""completion"": 0.75, ""impact"": 0.7}","{""know"": 0.0, ""uncertainty"": 0.05, ""context"": -0.05}","{""semantic"": {""phase"": ""POSTFLIGHT"", ""confidence"": 0.8}, ""narrative"": ""Session completed"", ""evidence_refs"": [""15de49b0291b728f1779088809aacd5b53d06ace""]}",0.81,0.95,2026-01-08T03:19:54.391502
f7010a0d-e91b-4d3e-b376-769f64c94f22,432ea18c-ba7d-4823-89f6-cc59776baae3,claude-code,2026-01-08T11:15:29.487195,POSTFLIGHT,,"{""know"": 0.75, ""uncertainty"": 0.3, ""context"": 0.8, ""completion"": 0.7, ""impact"": 0.7}","{""know"": 0.1, ""uncertainty"": -0.05, ""context"": 0.1}","{""semantic"": {""phase"": ""POSTFLIGHT"", ""confidence"": 0.7}, ""narrative"": ""Session completed"", ""evidence_refs"": [""77875ba92cc82149410f1728d88518fa14d06d35""]}",0.493333333333333,0.95,2026-01-08T11:15:29.487208
f58eb758-c10d-43e1-b2d7-71cf15f6729b,b733043c-3342-43b9-b5eb-ff2765b7625d,test_agent,2026-01-08T12:49:59.853909,POSTFLIGHT,,"{""engagement"": 0.8, ""know"": 0.6, ""do"": 0.7, ""context"": 0.7, ""clarity"": 0.75, ""coherence"": 0.7, ""signal"": 0.65, ""density"": 0.5, ""state"": 0.6, ""change"": 0.55, ""completion"": 0.6, ""impact"": 0.65, ""uncertainty"": 0.4}",,"{""semantic"": {""phase"": ""POSTFLIGHT"", ""confidence"": 0.6}, ""narrative"": ""Test postflight assessment"", ""evidence_refs"": [""fdd501759635dc39fc132db5727db7d31173c4db""]}",-1.06,0.95,2026-01-08T12:49:59.853924
e758b826-f9a4-46dd-938a-7f2dd26adca3,48e72e2b-c234-42e6-bea1-fd401f435552,test_agent,2026-01-08T12:50:50.250753,POSTFLIGHT,,"{""engagement"": 0.8, ""know"": 0.6, ""do"": 0.7, ""context"": 0.7, ""clarity"": 0.75, ""coherence"": 0.7, ""signal"": 0.65, ""density"": 0.5, ""state"": 0.6, ""change"": 0.55, ""completion"": 0.6, ""impact"": 0.65, ""uncertainty"": 0.4}",,"{""semantic"": {""phase"": ""POSTFLIGHT"", ""confidence"": 0.6}, ""narrative"": ""Test postflight assessment"", ""evidence_refs"": [""57e10e3d4e93e0bac4c02da2297ec929edaf3bf8""]}",-1.06,0.95,2026-01-08T12:50:50.250768
82390cbe-9275-4c40-8feb-01fc3c9d8856,d03aaf65-c56a-4a40-b16e-34a20f5e8e4e,test_agent,2026-01-08T14:57:10.874398,POSTFLIGHT,,"{""engagement"": 0.8, ""know"": 0.6, ""do"": 0.7, ""context"": 0.7, ""clarity"": 0.75, ""coherence"": 0.7, ""signal"": 0.65, ""density"": 0.5, ""state"": 0.6, ""change"": 0.55, ""completion"": 0.6, ""impact"": 0.65, ""uncertainty"": 0.4}",,"{""semantic"": {""phase"": ""POSTFLIGHT"", ""confidence"": 0.6}, ""narrative"": ""Test postflight assessment"", ""evidence_refs"": [""91177b3d7b5cff80f37af237218cbe848a67a3c5""]}",-1.06,0.95,2026-01-08T14:57:10.874414
991d81d4-953f-4f7f-a3ce-7f7f5df26372,deb0699e-2018-49a5-97f4-3634a4b60a32,test-ai-agent,2026-01-08T14:58:55.009838,POSTFLIGHT,,"{""engagement"": 0.85, ""know"": 0.85, ""do"": 0.9, ""context"": 0.75, ""clarity"": 0.9, ""coherence"": 0.9, ""signal"": 0.85, ""density"": 0.55, ""state"": 0.8, ""change"": 0.9, ""completion"": 0.9, ""impact"": 0.95, ""uncertainty"": 0.3}","{""engagement"": 0.0, ""know"": 0.25, ""do"": 0.05, ""context"": 0.25, ""clarity"": 0.1, ""coherence"": 0.05, ""signal"": 0.1, ""density"": -0.1, ""state"": 0.4, ""change"": 0.05, ""completion"": 0.2, ""impact"": 0.05, ""uncertainty"": -0.4}","{""semantic"": {""phase"": ""POSTFLIGHT"", ""confidence"": 0.7}, ""narrative"": ""Completed test workflow. KNOW +0.25, STATE +0.40, UNCERTAINTY -0.40"", ""evidence_refs"": [""346a8dc26b13a36bf0665a9c1a3d19f44b3fb3ea""]}",0.473333333333333,0.95,2026-01-08T14:58:55.009855
493d36b1-b6a1-4aaa-b61e-4bb6d65e01dc,e6d67042-ef5f-44d7-86de-638ee5376da5,test-ai-agent,2026-01-08T14:59:56.526343,POSTFLIGHT,,"{""engagement"": 0.85, ""know"": 0.85, ""do"": 0.9, ""context"": 0.75, ""clarity"": 0.9, ""coherence"": 0.9, ""signal"": 0.85, ""density"": 0.55, ""state"": 0.8, ""change"": 0.9, ""completion"": 0.9, ""impact"": 0.95, ""uncertainty"": 0.3}","{""engagement"": 0.0, ""know"": 0.25, ""do"": 0.05, ""context"": 0.25, ""clarity"": 0.1, ""coherence"": 0.05, ""signal"": 0.1, ""density"": -0.1, ""state"": 0.4, ""change"": 0.05, ""completion"": 0.2, ""impact"": 0.05, ""uncertainty"": -0.4}","{""semantic"": {""phase"": ""POSTFLIGHT"", ""confidence"": 0.7}, ""narrative"": ""Completed test workflow. KNOW +0.25, STATE +0.40, UNCERTAINTY -0.40"", ""evidence_refs"": [""c5d5eba6ed534cd343614ae8bbc12505890c1d96""]}",0.473333333333333,0.95,2026-01-08T14:59:56.526361
9eba817a-f15b-4a24-8f06-0ad4486a0282,44dee957-7896-4aac-b90d-dd28a22a8590,test_agent,2026-01-08T15:00:16.850328,POSTFLIGHT,,"{""engagement"": 0.8, ""know"": 0.6, ""do"": 0.7, ""context"": 0.7, ""clarity"": 0.75, ""coherence"": 0.7, ""signal"": 0.65, ""density"": 0.5, ""state"": 0.6, ""change"": 0.55, ""completion"": 0.6, ""impact"": 0.65, ""uncertainty"": 0.4}",,"{""semantic"": {""phase"": ""POSTFLIGHT"", ""confidence"": 0.6}, ""narrative"": ""Test postflight assessment"", ""evidence_refs"": [""86064016407d4a3dc17bfb5d368f984e37fc9871""]}",-1.06,0.95,2026-01-08T15:00:16.850348
f401dd4e-5fed-43a6-93cb-bf943674b284,dbba2a97-7eb4-4fe5-9872-179ceb6dcce5,claude-code,2026-01-08T15:00:18.148798,POSTFLIGHT,,"{""know"": 0.85, ""uncertainty"": 0.2, ""impact"": 0.8, ""completion"": 0.75, ""change"": 0.5, ""engagement"": 0.9}","{""know"": 0.3, ""uncertainty"": -0.25, ""impact"": 0.1, ""completion"": 0.65, ""change"": 0.2, ""engagement"": 0.1}","{""semantic"": {""phase"": ""POSTFLIGHT"", ""confidence"": 0.8}, ""narrative"": ""Session completed"", ""evidence_refs"": [""b42910d4eaca4e7731435869a0806882e6256931""]}",0.723636363636364,0.95,2026-01-08T15:00:18.148817
aace2adb-e680-4da0-9107-4bbad9afe00b,4d022ab8-5a81-43b8-8fe2-a5a6898f2ca4,test-ai-agent,2026-01-08T15:00:20.157275,POSTFLIGHT,,"{""engagement"": 0.85, ""know"": 0.85, ""do"": 0.9, ""context"": 0.75, ""clarity"": 0.9, ""coherence"": 0.9, ""signal"": 0.85, ""density"": 0.55, ""state"": 0.8, ""change"": 0.9, ""completion"": 0.9, ""impact"": 0.95, ""uncertainty"": 0.3}","{""engagement"": 0.0, ""know"": 0.25, ""do"": 0.05, ""context"": 0.25, ""clarity"": 0.1, ""coherence"": 0.05, ""signal"": 0.1, ""density"": -0.1, ""state"": 0.4, ""change"": 0.05, ""completion"": 0.2, ""impact"": 0.05, ""uncertainty"": -0.4}","{""semantic"": {""phase"": ""POSTFLIGHT"", ""confidence"": 0.7}, ""narrative"": ""Completed test workflow. KNOW +0.25, STATE +0.40, UNCERTAINTY -0.40"", ""evidence_refs"": [""637494e08657752c92baa00a048e4be76803bc85""]}",0.473333333333333,0.95,2026-01-08T15:00:20.157290
cc015a95-a894-4806-81b4-b24096e808b6,69390a91-7e4a-4b8f-872b-9ffba70aa0c8,test_agent,2026-01-08T15:02:50.484749,POSTFLIGHT,,"{""engagement"": 0.8, ""know"": 0.6, ""do"": 0.7, ""context"": 0.7, ""clarity"": 0.75, ""coherence"": 0.7, ""signal"": 0.65, ""density"": 0.5, ""state"": 0.6, ""change"": 0.55, ""completion"": 0.6, ""impact"": 0.65, ""uncertainty"": 0.4}",,"{""semantic"": {""phase"": ""POSTFLIGHT"", ""confidence"": 0.6}, ""narrative"": ""Test postflight assessment"", ""evidence_refs"": [""6b1fff9cfbb82462467c2d02e3dc6adad0783723""]}",-1.06,0.95,2026-01-08T15:02:50.484767
021122d6-3063-4a17-bb6e-b57d588fc374,ef51c34e-9391-49b7-a4c3-3bd9d79b1bf6,test-ai-agent,2026-01-08T15:02:53.606187,POSTFLIGHT,,"{""engagement"": 0.85, ""know"": 0.85, ""do"": 0.9, ""context"": 0.75, ""clarity"": 0.9, ""coherence"": 0.9, ""signal"": 0.85, ""density"": 0.55, ""state"": 0.8, ""change"": 0.9, ""completion"": 0.9, ""impact"": 0.95, ""uncertainty"": 0.3}","{""engagement"": 0.0, ""know"": 0.25, ""do"": 0.05, ""context"": 0.25, ""clarity"": 0.1, ""coherence"": 0.05, ""signal"": 0.1, ""density"": -0.1, ""state"": 0.4, ""change"": 0.05, ""completion"": 0.2, ""impact"": 0.05, ""uncertainty"": -0.4}","{""semantic"": {""phase"": ""POSTFLIGHT"", ""confidence"": 0.7}, ""narrative"": ""Completed test workflow. KNOW +0.25, STATE +0.40, UNCERTAINTY -0.40"", ""evidence_refs"": [""47f99e2654ea27d2e98e80c71dc94b3102ee4664""]}",0.473333333333333,0.95,2026-01-08T15:02:53.606203
719739a4-675a-4b18-83e3-a72c24ce8ddc,f2fef53a-75b7-4441-bd31-d96810b40220,test_agent,2026-01-08T15:11:48.043237,POSTFLIGHT,,"{""engagement"": 0.8, ""know"": 0.6, ""do"": 0.7, ""context"": 0.7, ""clarity"": 0.75, ""coherence"": 0.7, ""signal"": 0.65, ""density"": 0.5, ""state"": 0.6, ""change"": 0.55, ""completion"": 0.6, ""impact"": 0.65, ""uncertainty"": 0.4}",,"{""semantic"": {""phase"": ""POSTFLIGHT"", ""confidence"": 0.6}, ""narrative"": ""Test postflight assessment"", ""evidence_refs"": [""2c952bcec14f98fd7075e469d5d9d6bbb236bf2c""]}",-1.06,0.95,2026-01-08T15:11:48.043255
ba9f454f-504f-4b9d-9a7a-b865c6533eed,5490d8f3-8179-4a8e-a77e-f720f8e0c733,test-ai-agent,2026-01-08T15:11:51.430551,POSTFLIGHT,,"{""engagement"": 0.85, ""know"": 0.85, ""do"": 0.9, ""context"": 0.75, ""clarity"": 0.9, ""coherence"": 0.9, ""signal"": 0.85, ""density"": 0.55, ""state"": 0.8, ""change"": 0.9, ""completion"": 0.9, ""impact"": 0.95, ""uncertainty"": 0.3}","{""engagement"": 0.0, ""know"": 0.25, ""do"": 0.05, ""context"": 0.25, ""clarity"": 0.1, ""coherence"": 0.05, ""signal"": 0.1, ""density"": -0.1, ""state"": 0.4, ""change"": 0.05, ""completion"": 0.2, ""impact"": 0.05, ""uncertainty"": -0.4}","{""semantic"": {""phase"": ""POSTFLIGHT"", ""confidence"": 0.7}, ""narrative"": ""Completed test workflow. KNOW +0.25, STATE +0.40, UNCERTAINTY -0.40"", ""evidence_refs"": [""623a4129be6f73c0914c90c0a513c194c94463a3""]}",0.473333333333333,0.95,2026-01-08T15:11:51.430570
750bce64-8fae-4d3c-9de6-5e435f4281f5,239de7b8-1298-47ea-973b-261b8fcfe2ba,test_agent,2026-01-08T15:12:48.032372,POSTFLIGHT,,"{""engagement"": 0.8, ""know"": 0.6, ""do"": 0.7, ""context"": 0.7, ""clarity"": 0.75, ""coherence"": 0.7, ""signal"": 0.65, ""density"": 0.5, ""state"": 0.6, ""change"": 0.55, ""completion"": 0.6, ""impact"": 0.65, ""uncertainty"": 0.4}",,"{""semantic"": {""phase"": ""POSTFLIGHT"", ""confidence"": 0.6}, ""narrative"": ""Test postflight assessment"", ""evidence_refs"": [""004b40179c13b07bc6f1157187e5a2770382d82b""]}",-1.06,0.95,2026-01-08T15:12:48.032391
8ee29830-cf7d-451d-8696-4295f66c61b8,03803c27-ab80-434c-809c-cf67bde71e2c,test-ai-agent,2026-01-08T15:12:51.392971,POSTFLIGHT,,"{""engagement"": 0.85, ""know"": 0.85, ""do"": 0.9, ""context"": 0.75, ""clarity"": 0.9, ""coherence"": 0.9, ""signal"": 0.85, ""density"": 0.55, ""state"": 0.8, ""change"": 0.9, ""completion"": 0.9, ""impact"": 0.95, ""uncertainty"": 0.3}","{""engagement"": 0.0, ""know"": 0.25, ""do"": 0.05, ""context"": 0.25, ""clarity"": 0.1, ""coherence"": 0.05, ""signal"": 0.1, ""density"": -0.1, ""state"": 0.4, ""change"": 0.05, ""completion"": 0.2, ""impact"": 0.05, ""uncertainty"": -0.4}","{""semantic"": {""phase"": ""POSTFLIGHT"", ""confidence"": 0.7}, ""narrative"": ""Completed test workflow. KNOW +0.25, STATE +0.40, UNCERTAINTY -0.40"", ""evidence_refs"": [""057588321c149afe8ae5749931cb528e89869e25""]}",0.473333333333333,0.95,2026-01-08T15:12:51.392989
e1f9f34b-7964-4153-a261-46cd65c6e0e6,3921f730-bcb0-4bc7-9d8a-49022546d768,test_agent,2026-01-08T15:14:36.555203,POSTFLIGHT,,"{""engagement"": 0.8, ""know"": 0.6, ""do"": 0.7, ""context"": 0.7, ""clarity"": 0.75, ""coherence"": 0.7, ""signal"": 0.65, ""density"": 0.5, ""state"": 0.6, ""change"": 0.55, ""completion"": 0.6, ""impact"": 0.65, ""uncertainty"": 0.4}",,"{""semantic"": {""phase"": ""POSTFLIGHT"", ""confidence"": 0.6}, ""narrative"": ""Test postflight assessment"", ""evidence_refs"": [""cf48d7777985e1f8472e177874878b39f260bab2""]}",-1.06,0.95,2026-01-08T15:14:36.555221
6aca72bf-3c49-4460-9c13-21c577e5f9e6,9de529a6-a5f1-4156-897b-4066570fb56f,test-ai-agent,2026-01-08T15:14:39.940588,POSTFLIGHT,,"{""engagement"": 0.85, ""know"": 0.85, ""do"": 0.9, ""context"": 0.75, ""clarity"": 0.9, ""coherence"": 0.9, ""signal"": 0.85, ""density"": 0.55, ""state"": 0.8, ""change"": 0.9, ""completion"": 0.9, ""impact"": 0.95, ""uncertainty"": 0.3}","{""engagement"": 0.0, ""know"": 0.25, ""do"": 0.05, ""context"": 0.25, ""clarity"": 0.1, ""coherence"": 0.05, ""signal"": 0.1, ""density"": -0.1, ""state"": 0.4, ""change"": 0.05, ""completion"": 0.2, ""impact"": 0.05, ""uncertainty"": -0.4}","{""semantic"": {""phase"": ""POSTFLIGHT"", ""confidence"": 0.7}, ""narrative"": ""Completed test workflow. KNOW +0.25, STATE +0.40, UNCERTAINTY -0.40"", ""evidence_refs"": [""7531bf225ef54f3aa8e0760bd71ad01c1e9cb503""]}",0.473333333333333,0.95,2026-01-08T15:14:39.940606
4ffd2d11-b167-4973-931d-e725111f0f5f,70e2f35f-7b35-4f21-8440-cdbcab9251ca,test_agent,2026-01-08T15:16:47.376560,POSTFLIGHT,,"{""engagement"": 0.8, ""know"": 0.6, ""do"": 0.7, ""context"": 0.7, ""clarity"": 0.75, ""coherence"": 0.7, ""signal"": 0.65, ""density"": 0.5, ""state"": 0.6, ""change"": 0.55, ""completion"": 0.6, ""impact"": 0.65, ""uncertainty"": 0.4}",,"{""semantic"": {""phase"": ""POSTFLIGHT"", ""confidence"": 0.6}, ""narrative"": ""Test postflight assessment"", ""evidence_refs"": [""89177743d652b497acfd99dff9753b4ab55e1db2""]}",-1.06,0.95,2026-01-08T15:16:47.376584
19dbf106-8781-4f43-99f1-89872ca33b70,464e4b53-dc3b-4f4c-9e3e-f99f3e1c0454,test-ai-agent,2026-01-08T15:16:50.764722,POSTFLIGHT,,"{""engagement"": 0.85, ""know"": 0.85, ""do"": 0.9, ""context"": 0.75, ""clarity"": 0.9, ""coherence"": 0.9, ""signal"": 0.85, ""density"": 0.55, ""state"": 0.8, ""change"": 0.9, ""completion"": 0.9, ""impact"": 0.95, ""uncertainty"": 0.3}","{""engagement"": 0.0, ""know"": 0.25, ""do"": 0.05, ""context"": 0.25, ""clarity"": 0.1, ""coherence"": 0.05, ""signal"": 0.1, ""density"": -0.1, ""state"": 0.4, ""change"": 0.05, ""completion"": 0.2, ""impact"": 0.05, ""uncertainty"": -0.4}","{""semantic"": {""phase"": ""POSTFLIGHT"", ""confidence"": 0.7}, ""narrative"": ""Completed test workflow. KNOW +0.25, STATE +0.40, UNCERTAINTY -0.40"", ""evidence_refs"": [""a6c2ebcef60e0829ae59a6157723b76a7baa3326""]}",0.473333333333333,0.95,2026-01-08T15:16:50.764747
19ae7323-7f54-418d-baaf-9e4c5b6523f6,059d45a6-6470-4f08-9870-f34f77ac4522,test_agent,2026-01-08T15:19:26.797370,POSTFLIGHT,,"{""engagement"": 0.8, ""know"": 0.6, ""do"": 0.7, ""context"": 0.7, ""clarity"": 0.75, ""coherence"": 0.7, ""signal"": 0.65, ""density"": 0.5, ""state"": 0.6, ""change"": 0.55, ""completion"": 0.6, ""impact"": 0.65, ""uncertainty"": 0.4}",,"{""semantic"": {""phase"": ""POSTFLIGHT"", ""confidence"": 0.6}, ""narrative"": ""Test postflight assessment"", ""evidence_refs"": [""614896b536d601844938724ef7e00d5b3b12ad8f""]}",-1.06,0.95,2026-01-08T15:19:26.797390
041055ad-5e50-4b93-8a81-646783f2d6e6,f6729c2a-7cfd-45e7-8fa8-caa125dcf24e,test-ai-agent,2026-01-08T15:19:30.216083,POSTFLIGHT,,"{""engagement"": 0.85, ""know"": 0.85, ""do"": 0.9, ""context"": 0.75, ""clarity"": 0.9, ""coherence"": 0.9, ""signal"": 0.85, ""density"": 0.55, ""state"": 0.8, ""change"": 0.9, ""completion"": 0.9, ""impact"": 0.95, ""uncertainty"": 0.3}","{""engagement"": 0.0, ""know"": 0.25, ""do"": 0.05, ""context"": 0.25, ""clarity"": 0.1, ""coherence"": 0.05, ""signal"": 0.1, ""density"": -0.1, ""state"": 0.4, ""change"": 0.05, ""completion"": 0.2, ""impact"": 0.05, ""uncertainty"": -0.4}","{""semantic"": {""phase"": ""POSTFLIGHT"", ""confidence"": 0.7}, ""narrative"": ""Completed test workflow. KNOW +0.25, STATE +0.40, UNCERTAINTY -0.40"", ""evidence_refs"": [""342df14c052459d66e012ba5068fd51f9fe9dd43""]}",0.473333333333333,0.95,2026-01-08T15:19:30.216102
b6fe0c1a-bd13-4eb2-824e-6cf810a0d7b6,9b580980-436c-465b-b9f4-0b84ded89781,test_agent,2026-01-08T15:20:17.785776,POSTFLIGHT,,"{""engagement"": 0.8, ""know"": 0.6, ""do"": 0.7, ""context"": 0.7, ""clarity"": 0.75, ""coherence"": 0.7, ""signal"": 0.65, ""density"": 0.5, ""state"": 0.6, ""change"": 0.55, ""completion"": 0.6, ""impact"": 0.65, ""uncertainty"": 0.4}",,"{""semantic"": {""phase"": ""POSTFLIGHT"", ""confidence"": 0.6}, ""narrative"": ""Test postflight assessment"", ""evidence_refs"": [""cf54420f081e4c33171dcba8ac5114ee50bef247""]}",-1.06,0.95,2026-01-08T15:20:17.785794
eebcbd90-c9f0-40cb-bc2a-11fd9a62cb58,6dff32d8-d165-4e90-b341-1793098009b3,test-ai-agent,2026-01-08T15:20:21.249807,POSTFLIGHT,,"{""engagement"": 0.85, ""know"": 0.85, ""do"": 0.9, ""context"": 0.75, ""clarity"": 0.9, ""coherence"": 0.9, ""signal"": 0.85, ""density"": 0.55, ""state"": 0.8, ""change"": 0.9, ""completion"": 0.9, ""impact"": 0.95, ""uncertainty"": 0.3}","{""engagement"": 0.0, ""know"": 0.25, ""do"": 0.05, ""context"": 0.25, ""clarity"": 0.1, ""coherence"": 0.05, ""signal"": 0.1, ""density"": -0.1, ""state"": 0.4, ""change"": 0.05, ""completion"": 0.2, ""impact"": 0.05, ""uncertainty"": -0.4}","{""semantic"": {""phase"": ""POSTFLIGHT"", ""confidence"": 0.7}, ""narrative"": ""Completed test workflow. KNOW +0.25, STATE +0.40, UNCERTAINTY -0.40"", ""evidence_refs"": [""7c8f1fda472cc0d2a3821474f2cf9c0b8d2c03ff""]}",0.473333333333333,0.95,2026-01-08T15:20:21.249827
67db723b-c7d0-4046-8ac1-b86c100ee9de,ff340a8b-231e-425f-9555-3a7358b34a5b,test_agent,2026-01-08T15:21:25.920716,POSTFLIGHT,,"{""engagement"": 0.8, ""know"": 0.6, ""do"": 0.7, ""context"": 0.7, ""clarity"": 0.75, ""coherence"": 0.7, ""signal"": 0.65, ""density"": 0.5, ""state"": 0.6, ""change"": 0.55, ""completion"": 0.6, ""impact"": 0.65, ""uncertainty"": 0.4}",,"{""semantic"": {""phase"": ""POSTFLIGHT"", ""confidence"": 0.6}, ""narrative"": ""Test postflight assessment"", ""evidence_refs"": [""e5d2780ec811c57e808d12eb50527de35b5ac6a6""]}",-1.06,0.95,2026-01-08T15:21:25.920739
fb3bd74c-ef2b-4bb9-b259-691789cb9427,4ffaf5d3-20ea-4e4d-897c-65b1b2d8e40a,test-ai-agent,2026-01-08T15:21:29.516906,POSTFLIGHT,,"{""engagement"": 0.85, ""know"": 0.85, ""do"": 0.9, ""context"": 0.75, ""clarity"": 0.9, ""coherence"": 0.9, ""signal"": 0.85, ""density"": 0.55, ""state"": 0.8, ""change"": 0.9, ""completion"": 0.9, ""impact"": 0.95, ""uncertainty"": 0.3}","{""engagement"": 0.0, ""know"": 0.25, ""do"": 0.05, ""context"": 0.25, ""clarity"": 0.1, ""coherence"": 0.05, ""signal"": 0.1, ""density"": -0.1, ""state"": 0.4, ""change"": 0.05, ""completion"": 0.2, ""impact"": 0.05, ""uncertainty"": -0.4}","{""semantic"": {""phase"": ""POSTFLIGHT"", ""confidence"": 0.7}, ""narrative"": ""Completed test workflow. KNOW +0.25, STATE +0.40, UNCERTAINTY -0.40"", ""evidence_refs"": [""bcda3eba7a9ae35969f3a11346a3e4abeb27a9f2""]}",0.473333333333333,0.95,2026-01-08T15:21:29.516925
a6e087df-bbe2-49cf-9541-6f7ba4a2d3a1,9ea6ee8f-9850-44db-8b09-2e02333b946f,test_agent,2026-01-08T15:23:07.378596,POSTFLIGHT,,"{""engagement"": 0.8, ""know"": 0.6, ""do"": 0.7, ""context"": 0.7, ""clarity"": 0.75, ""coherence"": 0.7, ""signal"": 0.65, ""density"": 0.5, ""state"": 0.6, ""change"": 0.55, ""completion"": 0.6, ""impact"": 0.65, ""uncertainty"": 0.4}",,"{""semantic"": {""phase"": ""POSTFLIGHT"", ""confidence"": 0.6}, ""narrative"": ""Test postflight assessment"", ""evidence_refs"": [""012d5c2a1af9352ada12753fdcb75df19193004a""]}",-1.06,0.95,2026-01-08T15:23:07.378615
cfbce3f8-aa2c-4fcf-ae2c-e516d54eecbb,c53279e0-dc19-4985-b92f-151456af18ad,test-ai-agent,2026-01-08T15:23:10.798772,POSTFLIGHT,,"{""engagement"": 0.85, ""know"": 0.85, ""do"": 0.9, ""context"": 0.75, ""clarity"": 0.9, ""coherence"": 0.9, ""signal"": 0.85, ""density"": 0.55, ""state"": 0.8, ""change"": 0.9, ""completion"": 0.9, ""impact"": 0.95, ""uncertainty"": 0.3}","{""engagement"": 0.0, ""know"": 0.25, ""do"": 0.05, ""context"": 0.25, ""clarity"": 0.1, ""coherence"": 0.05, ""signal"": 0.1, ""density"": -0.1, ""state"": 0.4, ""change"": 0.05, ""completion"": 0.2, ""impact"": 0.05, ""uncertainty"": -0.4}","{""semantic"": {""phase"": ""POSTFLIGHT"", ""confidence"": 0.7}, ""narrative"": ""Completed test workflow. KNOW +0.25, STATE +0.40, UNCERTAINTY -0.40"", ""evidence_refs"": [""74ecbfd8c3ee84fde01e9ecce1ebd723b09c47ef""]}",0.473333333333333,0.95,2026-01-08T15:23:10.798791
a43e6f56-12d5-4c88-b6f6-4bb08c517969,48cbfe53-2365-4163-b8f9-ec16935eb11b,test_agent,2026-01-08T15:24:13.865376,POSTFLIGHT,,"{""engagement"": 0.8, ""know"": 0.6, ""do"": 0.7, ""context"": 0.7, ""clarity"": 0.75, ""coherence"": 0.7, ""signal"": 0.65, ""density"": 0.5, ""state"": 0.6, ""change"": 0.55, ""completion"": 0.6, ""impact"": 0.65, ""uncertainty"": 0.4}",,"{""semantic"": {""phase"": ""POSTFLIGHT"", ""confidence"": 0.6}, ""narrative"": ""Test postflight assessment"", ""evidence_refs"": [""d574ae0061b331c98fac04d15639c6ab59d79cfc""]}",-1.06,0.95,2026-01-08T15:24:13.865396
21ea2dea-37fc-471d-8a7b-d1e99ced4da8,969a1a1d-37ae-41a8-bd75-491af1a7f18f,test-ai-agent,2026-01-08T15:24:17.343904,POSTFLIGHT,,"{""engagement"": 0.85, ""know"": 0.85, ""do"": 0.9, ""context"": 0.75, ""clarity"": 0.9, ""coherence"": 0.9, ""signal"": 0.85, ""density"": 0.55, ""state"": 0.8, ""change"": 0.9, ""completion"": 0.9, ""impact"": 0.95, ""uncertainty"": 0.3}","{""engagement"": 0.0, ""know"": 0.25, ""do"": 0.05, ""context"": 0.25, ""clarity"": 0.1, ""coherence"": 0.05, ""signal"": 0.1, ""density"": -0.1, ""state"": 0.4, ""change"": 0.05, ""completion"": 0.2, ""impact"": 0.05, ""uncertainty"": -0.4}","{""semantic"": {""phase"": ""POSTFLIGHT"", ""confidence"": 0.7}, ""narrative"": ""Completed test workflow. KNOW +0.25, STATE +0.40, UNCERTAINTY -0.40"", ""evidence_refs"": [""bd657196c0217dc8a3f4a78508c6942fc50e8327""]}",0.473333333333333,0.95,2026-01-08T15:24:17.343922
c0ad41ea-43e2-499e-af47-fc60425c0c30,dbba2a97-7eb4-4fe5-9872-179ceb6dcce5,claude-code,2026-01-08T15:26:38.013242,POSTFLIGHT,,"{""know"": 0.88, ""uncertainty"": 0.18, ""impact"": 0.82, ""completion"": 0.85, ""change"": 0.55, ""engagement"": 0.92}","{""know"": 0.33, ""uncertainty"": -0.27, ""impact"": 0.12, ""completion"": 0.75, ""change"": 0.25, ""engagement"": 0.12}","{""semantic"": {""phase"": ""POSTFLIGHT"", ""confidence"": 0.8200000000000001}, ""narrative"": ""Session completed"", ""evidence_refs"": [""b5af0e605bbd7747dc70c2b70b47532b0ccbd2d9""]}",0.723636363636364,0.95,2026-01-08T15:26:38.013252
a366f1b9-2cd7-4c7f-8041-967cb2a6a3da,9b790c1e-d7a4-49fe-a600-1fd395a3c15c,claude-code,2026-01-08T16:12:48.938277,POSTFLIGHT,,"{""know"": 0.65, ""uncertainty"": 0.4, ""context"": 0.55, ""completion"": 0.7, ""impact"": 0.6, ""engagement"": 0.75}","{""know"": -0.1, ""uncertainty"": 0.15, ""context"": -0.25, ""completion"": 0.65, ""impact"": -0.15, ""engagement"": -0.15}","{""semantic"": {""phase"": ""POSTFLIGHT"", ""confidence"": 0.6}, ""narrative"": ""Session completed"", ""evidence_refs"": [""db1676f8283c921585cceace11f3e85b16781338""]}",0.493333333333333,0.95,2026-01-08T16:12:48.938296
52ab089f-a821-4bf8-96cf-d06a6ef48ffc,9b790c1e-d7a4-49fe-a600-1fd395a3c15c,claude-code,2026-01-08T16:18:28.382289,POSTFLIGHT,,"{""know"": 0.8, ""uncertainty"": 0.2, ""context"": 0.75, ""completion"": 0.85, ""impact"": 0.7, ""engagement"": 0.8, ""do"": 0.75, ""clarity"": 0.8, ""coherence"": 0.75, ""signal"": 0.7, ""density"": 0.65, ""state"": 0.7, ""change"": 0.6}","{""know"": 0.05, ""uncertainty"": -0.05, ""context"": -0.05, ""completion"": 0.8, ""impact"": -0.05, ""engagement"": -0.1}","{""semantic"": {""phase"": ""POSTFLIGHT"", ""confidence"": 0.8}, ""narrative"": ""Completed: docs-explain Qdrant integration, Autopilot MVP, goals-create fix. Test goals cleaned. Ready for stable merge/release."", ""evidence_refs"": [""ea92aed256d035baf3610bbe3ee13ac7dc5fdd0d""]}",0.446666666666667,0.95,2026-01-08T16:18:28.382298
ee7e1d8e-7f84-4f9a-806c-9f3388ff5063,9b790c1e-d7a4-49fe-a600-1fd395a3c15c,claude-code,2026-01-08T16:18:45.888322,POSTFLIGHT,,"{""know"": 0.8, ""uncertainty"": 0.2, ""context"": 0.75, ""completion"": 0.85, ""impact"": 0.7}","{""know"": 0.05, ""uncertainty"": -0.05, ""context"": -0.05, ""completion"": 0.8, ""impact"": -0.05}","{""semantic"": {""phase"": ""POSTFLIGHT"", ""confidence"": 0.8}, ""narrative"": ""Completed: docs-explain Qdrant, Autopilot MVP, goals-create fix. Ready for stable merge."", ""evidence_refs"": [""19008d50546a6c23d69dce4e395807d201bd4d11""]}",0.463333333333333,0.95,2026-01-08T16:18:45.888332
f208e978-80f1-4e7e-8531-d41c64614a90,9b790c1e-d7a4-49fe-a600-1fd395a3c15c,claude-code,2026-01-08T16:21:59.504477,POSTFLIGHT,,"{""know"": 0.75}","{""know"": 0.0}","{""semantic"": {""phase"": ""POSTFLIGHT"", ""confidence"": 0.5}, ""narrative"": ""Session completed"", ""evidence_refs"": [""044218bb67959ef1d50ff0fd9d4e11adb4b6b2d8""]}",0.493333333333333,0.95,2026-01-08T16:21:59.504486
916fc909-ee4b-4f07-ba79-ee5dc4a38b80,a3d1a84e-a702-419c-a76d-cb6ab7993caf,claude-code,2026-01-08T16:28:59.767942,POSTFLIGHT,,"{""know"": 0.6}","{""know"": 0.05}","{""semantic"": {""phase"": ""POSTFLIGHT"", ""confidence"": 0.5}, ""narrative"": ""Session completed"", ""evidence_refs"": [""d75ff9374b906e13ed5baad20b6a03dd78e364c8""]}",0.493333333333333,0.95,2026-01-08T16:28:59.767974
ed396172-84fd-4cf4-8791-c54d8c4437b0,a3d1a84e-a702-419c-a76d-cb6ab7993caf,claude-code,2026-01-08T16:31:23.995812,POSTFLIGHT,,"{""know"": 0.65, ""uncertainty"": 0.35}","{""know"": 0.1, ""uncertainty"": -0.1}","{""semantic"": {""phase"": ""POSTFLIGHT"", ""confidence"": 0.65}, ""narrative"": ""Session completed"", ""evidence_refs"": [""e58b7deea59e747a5cf157a98651650c04993046""]}",0.493333333333333,0.95,2026-01-08T16:31:23.995821
c0c89f89-19db-4957-ae2a-3a3ad9c12693,a3d1a84e-a702-419c-a76d-cb6ab7993caf,claude-code,2026-01-08T16:39:50.609903,POSTFLIGHT,,"{""know"": 0.7}","{""know"": 0.15}","{""semantic"": {""phase"": ""POSTFLIGHT"", ""confidence"": 0.5}, ""narrative"": ""Session completed"", ""evidence_refs"": [""02eb166a412ef5bb8c6671566138884bcb6b7249""]}",0.493333333333333,0.95,2026-01-08T16:39:50.609912
07aeaf41-ef16-4ffa-9eb6-d0257a1038af,ccdc20ba-0eea-4450-b276-34e42881c07f,claude-code,2026-01-08T17:04:16.181194,POSTFLIGHT,,"{""know"": 0.85, ""uncertainty"": 0.15, ""context"": 0.85, ""engagement"": 0.9}","{""know"": 0.1, ""uncertainty"": -0.1, ""context"": 0.05, ""engagement"": 0.05}","{""semantic"": {""phase"": ""POSTFLIGHT"", ""confidence"": 0.85}, ""narrative"": ""Goal 1 complete: Moved EpistemicSnapshotProvider from deleted plugins folder to empirica/data/"", ""evidence_refs"": [""0c1d2b67857cfd27a70757398c6bfdb108aece0f""]}",0.461666666666667,0.95,2026-01-08T17:04:16.181215
140b5ca3-c7f7-4f8c-b130-291414305283,f99bc442-e740-4781-a1e0-e25f90e4c96f,test_agent,2026-01-08T17:07:58.352980,POSTFLIGHT,,"{""engagement"": 0.8, ""know"": 0.6, ""do"": 0.7, ""context"": 0.7, ""clarity"": 0.75, ""coherence"": 0.7, ""signal"": 0.65, ""density"": 0.5, ""state"": 0.6, ""change"": 0.55, ""completion"": 0.6, ""impact"": 0.65, ""uncertainty"": 0.4}",,"{""semantic"": {""phase"": ""POSTFLIGHT"", ""confidence"": 0.6}, ""narrative"": ""Test postflight assessment"", ""evidence_refs"": [""91ff137de6952efdda945dac89643bf9c457b837""]}",-1.06,0.95,2026-01-08T17:07:58.353002
8105ea8b-9484-43b6-a0a5-81b0cb2fc2d4,c20accb0-b52f-4376-8ea3-2f2f914f2585,test-ai-agent,2026-01-08T17:08:01.814556,POSTFLIGHT,,"{""engagement"": 0.85, ""know"": 0.85, ""do"": 0.9, ""context"": 0.75, ""clarity"": 0.9, ""coherence"": 0.9, ""signal"": 0.85, ""density"": 0.55, ""state"": 0.8, ""change"": 0.9, ""completion"": 0.9, ""impact"": 0.95, ""uncertainty"": 0.3}","{""engagement"": 0.0, ""know"": 0.25, ""do"": 0.05, ""context"": 0.25, ""clarity"": 0.1, ""coherence"": 0.05, ""signal"": 0.1, ""density"": -0.1, ""state"": 0.4, ""change"": 0.05, ""completion"": 0.2, ""impact"": 0.05, ""uncertainty"": -0.4}","{""semantic"": {""phase"": ""POSTFLIGHT"", ""confidence"": 0.7}, ""narrative"": ""Completed test workflow. KNOW +0.25, STATE +0.40, UNCERTAINTY -0.40"", ""evidence_refs"": [""340a474c13f6a36fb5333242c8ae95bc2899785b""]}",0.473333333333333,0.95,2026-01-08T17:08:01.814580
3a9f6400-8b05-4804-b425-44b9c6bdc207,ccdc20ba-0eea-4450-b276-34e42881c07f,claude-code,2026-01-08T21:32:01.381880,POSTFLIGHT,,"{""know"": 0.8, ""uncertainty"": 0.25, ""context"": 0.85, ""engagement"": 0.9}","{""know"": 0.3}","{""semantic"": {""phase"": ""POSTFLIGHT"", ""confidence"": 0.75}, ""narrative"": ""Completed: (1) Moved snapshot provider to core - POSTFLIGHT now creates snapshots, (2) Fixed SessionStart hook dict slicing bug, (3) Doc cleanup - removed duplicates, moved misplaced files, created 3 missing API refs. However, discovered gaps: Windows installation issues, missing installer script, system prompt not in docs, need end-user dummy project. New session needed for release vetting."", ""evidence_refs"": [""9af24926b70869c95fdf13a2a4e7188bc46bda4b""]}",0.638181818181818,0.95,2026-01-08T21:32:01.381890
d8a86925-553a-4d16-8680-110478554d00,815ccd33-2965-43ec-9232-a989411e0968,claude-code,2026-01-08T21:45:04.167164,POSTFLIGHT,,"{""know"": 0.88, ""uncertainty"": 0.12, ""context"": 0.92, ""clarity"": 0.9, ""completion"": 1.0}","{""know"": 0.33, ""uncertainty"": -0.33, ""context"": 0.32}","{""semantic"": {""phase"": ""POSTFLIGHT"", ""confidence"": 0.88}, ""narrative"": ""Completed thorough release vetting. Main deliverables: scripts/install.py (cross-platform installer), set-session-env.ps1 (Windows), updated CLAUDE_CODE_SETUP.md to reference installer, examples/onboarding-project for end-users. Windows compatibility now addressed."", ""evidence_refs"": [""479ef529a883441876d6863e75b02caf07e20d67""]}",0.39,0.95,2026-01-08T21:45:04.167184
1a185797-4381-4f70-b9f4-3ad12f6706d1,0467d1d0-70bb-42ec-bcf1-77fe02d6d3fd,claude-code,2026-01-08T21:47:27.901696,POSTFLIGHT,,"{""know"": 0.85, ""uncertainty"": 0.15, ""context"": 0.9, ""engagement"": 0.75}","{""know"": 0.1, ""uncertainty"": -0.1, ""context"": 0.1, ""engagement"": 0.05}","{""semantic"": {""phase"": ""POSTFLIGHT"", ""confidence"": 0.85}, ""narrative"": ""Completed version bump systematically. All 15+ files updated. Good understanding of version locations across codebase. Merge conflicts resolved. Ready for docs cleanup in next session."", ""evidence_refs"": [""aa556ee31778a71760e59a81da06a28cfba55ab2""]}",0.423333333333333,0.95,2026-01-08T21:47:27.901720
9294fbf6-0577-42fe-a68c-7bf16769d815,09cd8830-a029-4699-b872-4b1ad01cf155,claude-code,2026-01-08T21:51:26.496769,POSTFLIGHT,,"{""know"": 0.9, ""uncertainty"": 0.1, ""context"": 0.95, ""clarity"": 0.95, ""completion"": 1.0}","{""know"": 0.15, ""uncertainty"": -0.15, ""context"": 0.1, ""clarity"": 0.05}","{""semantic"": {""phase"": ""POSTFLIGHT"", ""confidence"": 0.9}, ""narrative"": ""Thorough testing revealed one bug (heredoc variable expansion) which was immediately fixed. All other components work as expected. Ready for release."", ""evidence_refs"": [""25e466c6c25cdde9329b8370c0faef02af9cf3a0""]}",0.438333333333333,0.95,2026-01-08T21:51:26.496790
a6f1c15a-3389-4440-a196-e3e05649cd76,0b4ea743-2138-4e4b-87ad-c375ce97f2b8,claude-code,2026-01-09T11:30:54.558524,POSTFLIGHT,,"{""know"": 0.92, ""uncertainty"": 0.08, ""context"": 0.95, ""clarity"": 0.95, ""completion"": 1.0}","{""know"": 0.12, ""uncertainty"": -0.12, ""context"": 0.1, ""clarity"": 0.05, ""completion"": 0.5}","{""semantic"": {""phase"": ""POSTFLIGHT"", ""confidence"": 0.92}, ""narrative"": ""Both projects function correctly. Bug Hunt exposes the bug reliably. Code Archaeology pipeline processes data correctly. No issues found - ready for release."", ""evidence_refs"": [""c31db1bb7639c27f96f867fa3e8747a786a6053c""]}",0.435,0.95,2026-01-09T11:30:54.558545
b5549173-9149-4bd8-8f95-ffca286284fe,f8ba53c0-54c0-4608-a52f-1318338ab2ed,claude-code,2026-01-09T11:33:13.203441,POSTFLIGHT,,"{""know"": 0.85, ""uncertainty"": 0.15, ""context"": 0.85, ""engagement"": 0.75}","{""know"": 0.1, ""uncertainty"": -0.1, ""context"": 0.15, ""engagement"": -0.05}","{""semantic"": {""phase"": ""POSTFLIGHT"", ""confidence"": 0.85}, ""narrative"": ""Quick assessment session. Confirmed all onboarding project work is committed (Bug Hunt, Code Archaeology both working). 17+ commits ahead of origin/develop. Working tree clean. Ready for user to decide on push/release."", ""evidence_refs"": [""de5e936735f92b560d31b805cca18b98782260ef""]}",0.41,0.95,2026-01-09T11:33:13.203463
f63e0aa6-c87a-42cb-bf30-0e9c93d9ef72,371232ef-559b-4205-b6ae-b3728e5fad32,claude-code,2026-01-09T11:55:05.794648,POSTFLIGHT,,"{""engagement"": 0.85, ""know"": 0.9, ""do"": 0.85, ""context"": 0.9, ""clarity"": 0.85, ""coherence"": 0.9, ""signal"": 0.85, ""density"": 0.4, ""state"": 0.85, ""change"": 0.7, ""completion"": 0.95, ""impact"": 0.75, ""uncertainty"": 0.15}","{""engagement"": 0.05, ""know"": 0.3, ""context"": 0.25, ""uncertainty"": -0.25}","{""semantic"": {""phase"": ""POSTFLIGHT"", ""confidence"": 0.85}, ""narrative"": ""Session completed"", ""evidence_refs"": [""0a7144a7efcb486747029f07d61acc1b01385b65""]}",0.493333333333333,0.95,2026-01-09T11:55:05.794672
f63f8be4-8ca5-4c6d-8599-caf3414c78ac,894fc920-cf5d-4dcf-b655-3444cc5c7c20,claude-code,2026-01-09T12:00:31.923875,POSTFLIGHT,,"{""know"": 0.9, ""uncertainty"": 0.1, ""context"": 0.88, ""engagement"": 0.85}","{""know"": 0.25, ""uncertainty"": -0.25, ""context"": 0.28, ""engagement"": 0.0}","{""semantic"": {""phase"": ""POSTFLIGHT"", ""confidence"": 0.9}, ""narrative"": ""Created full implementations for both remaining onboarding projects. Verified Sentinel wiring: docs exist in SENTINEL_ARCHITECTURE.md, hooks.json configures sentinel-gate.py, workflow_commands.py integrates checkpoints with SentinelHooks at all phases, autopilot mode enforces decisions. Installer covers basic EMPIRICA_SENTINEL_LOOPING toggle appropriately."", ""evidence_refs"": [""d34b64770228e62eba63095290889be5e5c1136e""]}",0.351666666666667,0.95,2026-01-09T12:00:31.923896
d5448670-6e4e-40b1-bc6c-21ad1ab776a6,de08d3cb-157e-4e88-bde6-10177c2f3cfd,claude-code,2026-01-09T12:14:30.128090,POSTFLIGHT,,"{""know"": 0.88, ""uncertainty"": 0.12, ""context"": 0.9, ""engagement"": 0.8}","{""know"": 0.38, ""uncertainty"": -0.38, ""context"": 0.35, ""engagement"": -0.05}","{""semantic"": {""phase"": ""POSTFLIGHT"", ""confidence"": 0.88}, ""narrative"": ""Key finding: Storage and Qdrant docs were already well-organized (complementary, not redundant). Added cross-references between 6 docs to improve navigation. Added config navigation table for end-users. Docs now better interconnected."", ""evidence_refs"": [""b563be0ca55d806068e4b2776a709023efd7845b""]}",0.403333333333333,0.95,2026-01-09T12:14:30.128111
4418dc58-098f-4e24-a4a7-96c161f5d8f8,734c80d2-eab3-4cb3-be25-557a5ab9b8c8,claude-code,2026-01-09T12:24:18.679581,POSTFLIGHT,,"{""know"": 0.85, ""uncertainty"": 0.15, ""context"": 0.88, ""engagement"": 0.75}","{""know"": 0.15, ""uncertainty"": -0.15, ""context"": 0.13, ""engagement"": -0.05}","{""semantic"": {""phase"": ""POSTFLIGHT"", ""confidence"": 0.85}, ""narrative"": ""Added bidirectional cross-references between 3 core framework docs. Sentinel now links to Noetic/Praxic and CASCADE. CASCADE links back to Sentinel and vectors. Noetic/Praxic links to Sentinel and state capture. Navigation improved."", ""evidence_refs"": [""34066c54a7c5371e7614303a2b6a85032baf9966""]}",0.403333333333333,0.95,2026-01-09T12:24:18.679601
c0d3954a-36cc-46ec-a07f-8d316c56f25a,7338894c-8d2a-4bbb-b5c5-97cfc54513f9,claude-code,2026-01-09T12:31:35.140521,POSTFLIGHT,,"{""know"": 0.9, ""uncertainty"": 0.1, ""context"": 0.95, ""clarity"": 0.95, ""engagement"": 0.85}","{""know"": 0.35, ""uncertainty"": -0.35, ""context"": 0.35, ""engagement"": 0.05}","{""semantic"": {""phase"": ""POSTFLIGHT"", ""confidence"": 0.9}, ""narrative"": ""Completed comprehensive audit of both docs. DATABASE_SCHEMA_UNIFIED.md updated from 19 to 31 tables (added Session Breadcrumbs, Lessons System, Infrastructure sections). MCP_SERVER_REFERENCE.md updated tool count from 40 to 57. Both docs now accurately reflect the codebase. High confidence in completeness."", ""evidence_refs"": [""16650315c51c45aaddceb360b22f2d5e933f7c17""]}",0.373333333333333,0.95,2026-01-09T12:31:35.140540
5d1840b4-3500-4cad-9bcf-cf50e0d6be5c,b8b86ef0-5200-447b-b88c-cf0bb3c76058,claude-code,2026-01-09T12:37:27.158503,POSTFLIGHT,,"{""engagement"": 0.85, ""know"": 0.8, ""do"": 0.85, ""context"": 0.75, ""clarity"": 0.8, ""coherence"": 0.8, ""signal"": 0.75, ""density"": 0.7, ""state"": 0.85, ""change"": 0.8, ""completion"": 0.75, ""impact"": 0.8, ""uncertainty"": 0.25}","{""engagement"": 0.05, ""know"": 0.05, ""do"": 0.15, ""context"": -0.05, ""clarity"": 0.05, ""coherence"": 0.1, ""signal"": 0.0, ""density"": 0.25, ""state"": 0.15, ""change"": 0.3, ""completion"": 0.65, ""impact"": 0.2, ""uncertainty"": -0.05}","{""semantic"": {""phase"": ""POSTFLIGHT"", ""confidence"": 0.75}, ""narrative"": ""Session productive: Fixed 2 HIGH auto-captured issues (config and monitor CLI commands broken by removed modality_switcher). Replaced deprecated imports with MCO loader. Completed 2 HIGH priority documentation goals (vectors consolidation, CLI reorganization). Learned: modality_switcher was fully removed - monitor now shows deprecation notice + alternatives."", ""evidence_refs"": [""44e8f0b58a0e60154d1ecb108599d21115fe3744""]}",0.35,0.95,2026-01-09T12:37:27.158524
e2c21641-b563-43bb-a989-a4ebf75c8836,75518f3f-a821-47ce-af38-7d2e24863ccb,claude-code,2026-01-09T12:38:24.457726,POSTFLIGHT,,"{""know"": 0.9, ""uncertainty"": 0.15, ""context"": 0.9, ""clarity"": 0.95, ""engagement"": 0.85}","{""know"": 0.25, ""uncertainty"": -0.25, ""context"": 0.2, ""clarity"": 0.15}","{""semantic"": {""phase"": ""POSTFLIGHT"", ""confidence"": 0.85}, ""narrative"": ""Multi-agent investigation successful. Found critical version mismatch: pyproject.toml=1.2.4, __init__.py=1.2.3, empirica-mcp=1.2.1, chocolatey=1.2.3 - all should be 1.3.0. Also found 20 TODOs with 3 critical feature gaps. Epistemic agent system working correctly."", ""evidence_refs"": [""d14fbbf2c277bc0418d786919a9ec7f3c859e6a0""]}",0.391666666666667,0.95,2026-01-09T12:38:24.457747
8d4132d1-f667-401b-bde0-a4c8ec6f87f7,6a90947b-3696-48da-945f-391b63bde563,claude-code,2026-01-09T13:15:13.704200,POSTFLIGHT,,"{""engagement"": 0.85, ""know"": 0.85, ""do"": 0.85, ""context"": 0.8, ""clarity"": 0.85, ""coherence"": 0.85, ""signal"": 0.8, ""density"": 0.75, ""state"": 0.9, ""change"": 0.85, ""completion"": 0.95, ""impact"": 0.8, ""uncertainty"": 0.15}","{""engagement"": 0.05, ""know"": 0.15, ""do"": 0.1, ""context"": 0.15, ""clarity"": 0.15, ""coherence"": 0.15, ""signal"": 0.15, ""density"": 0.15, ""state"": 0.6, ""change"": 0.35, ""completion"": 0.85, ""impact"": 0.2, ""uncertainty"": -0.2}","{""semantic"": {""phase"": ""POSTFLIGHT"", ""confidence"": 0.85}, ""narrative"": ""Session highly productive: Resolved ALL 11 open unknowns. 4 literature challenges marked out-of-scope (for paper). DATABASE_SCHEMA already fixed (36 tables). WALKTHROUGH heredoc was not an issue (uses placeholders correctly). docs-explain limitation documented. 3 future-scope items resolved. Clean unknown list achieved."", ""evidence_refs"": [""2eccda0207858bb9a661553aaab32ee121af5ddb""]}",0.366666666666667,0.95,2026-01-09T13:15:13.704224
85f056b7-6a56-44d8-b1c2-b4d728651610,65c2f60e-75bb-4ad7-b020-f501dd7fb30b,claude-code,2026-01-09T13:56:08.905461,POSTFLIGHT,,"{""know"": 0.85, ""do"": 0.9, ""context"": 0.85, ""clarity"": 0.9, ""coherence"": 0.85, ""signal"": 0.8, ""density"": 0.75, ""state"": 0.95, ""change"": 0.7, ""completion"": 0.95, ""impact"": 0.75, ""engagement"": 0.85, ""uncertainty"": 0.15}","{""know"": 0.15, ""do"": 0.1, ""context"": 0.2, ""clarity"": 0.15, ""coherence"": 0.1, ""signal"": 0.1, ""density"": 0.15, ""state"": 0.75, ""change"": 0.2, ""completion"": 0.85, ""impact"": 0.05, ""engagement"": 0.0, ""uncertainty"": -0.2}","{""semantic"": {""phase"": ""POSTFLIGHT"", ""confidence"": 0.85}, ""narrative"": ""Session completed"", ""evidence_refs"": [""e3e71d4af08bf1b17bed90c01e52aa9ad96d67dd""]}",0.493333333333333,0.95,2026-01-09T13:56:08.905484
cc2610ae-87d1-4766-bdb6-9f39e4f56186,998e5ec8-f735-4c96-85d9-97cc6e1f5849,claude-code,2026-01-09T14:20:31.196088,POSTFLIGHT,,"{""know"": 0.9, ""do"": 0.9, ""context"": 0.9, ""clarity"": 0.9, ""coherence"": 0.9, ""signal"": 0.85, ""density"": 0.8, ""state"": 0.9, ""change"": 0.7, ""completion"": 0.9, ""impact"": 0.85, ""engagement"": 0.9, ""uncertainty"": 0.15}","{""know"": 0.15, ""do"": 0.2, ""context"": 0.1, ""clarity"": 0.1, ""coherence"": 0.15, ""signal"": 0.1, ""density"": 0.1, ""state"": 0.3, ""change"": 0.4, ""completion"": 0.8, ""impact"": 0.05, ""engagement"": 0.0, ""uncertainty"": -0.1}","{""semantic"": {""phase"": ""POSTFLIGHT"", ""confidence"": 0.85}, ""narrative"": ""Session completed"", ""evidence_refs"": [""a4c5b99ae42413c52ad017b89a10b8eee2d65fb4""]}",0.493333333333333,0.95,2026-01-09T14:20:31.196111
73a2d320-14f4-4e3c-ba4f-7a3a71b2d57c,a2fbb588-9f52-4c3c-bed7-d11be0c60d09,mcp-full-test,2026-01-09T14:34:31.801222,POSTFLIGHT,,"{""know"": 0.9, ""do"": 0.85, ""context"": 0.95, ""clarity"": 0.9, ""coherence"": 0.9, ""signal"": 0.85, ""density"": 0.35, ""state"": 0.95, ""change"": 0.1, ""completion"": 0.9, ""impact"": 0.7, ""engagement"": 0.9, ""uncertainty"": 0.1}","{""know"": 0.1, ""do"": 0.15, ""context"": 0.05, ""clarity"": 0.1, ""coherence"": 0.1, ""signal"": 0.15, ""density"": 0.05, ""state"": 0.05, ""change"": -0.1, ""completion"": 0.8, ""impact"": 0.4, ""engagement"": 0.1, ""uncertainty"": -0.1}","{""semantic"": {""phase"": ""POSTFLIGHT"", ""confidence"": 0.9}, ""narrative"": ""Completed MCP verification task"", ""evidence_refs"": [""35a1a0a8c81c3b26df42005be70ee0104eb02aca""]}",0.488333333333333,0.95,2026-01-09T14:34:31.801246
8a12dbf8-950c-4d36-b42e-58da20a4a203,a2fbb588-9f52-4c3c-bed7-d11be0c60d09,mcp-full-test,2026-01-09T15:21:29.186263,POSTFLIGHT,,"{""know"": 0.85, ""do"": 0.85, ""context"": 0.9, ""clarity"": 0.85, ""coherence"": 0.85, ""signal"": 0.8, ""density"": 0.4, ""state"": 0.9, ""change"": 0.15, ""completion"": 0.95, ""impact"": 0.8, ""engagement"": 0.9, ""uncertainty"": 0.15}","{""know"": 0.05, ""do"": 0.15, ""context"": 0.0, ""clarity"": 0.05, ""coherence"": 0.05, ""signal"": 0.1, ""density"": 0.1, ""state"": 0.0, ""change"": -0.05, ""completion"": 0.85, ""impact"": 0.5, ""engagement"": 0.1, ""uncertainty"": -0.05}","{""semantic"": {""phase"": ""POSTFLIGHT"", ""confidence"": 0.85}, ""narrative"": ""Session completed"", ""evidence_refs"": [""31c04b1b2270b1160d51656fac2c68355104bfe3""]}",0.493333333333333,0.95,2026-01-09T15:21:29.186274
d313e588-0b4f-414c-aee6-b5ee0cd0a9d4,d6779f5f-c56e-40b0-aa46-0f324652160e,claude-code,2026-01-09T22:28:05.076027,POSTFLIGHT,,"{""engagement"": 0.9, ""know"": 0.85, ""do"": 0.85, ""context"": 0.8, ""clarity"": 0.85, ""coherence"": 0.85, ""signal"": 0.8, ""density"": 0.75, ""state"": 0.8, ""change"": 0.8, ""completion"": 0.7, ""impact"": 0.85, ""uncertainty"": 0.15}","{""engagement"": 0.05, ""know"": 0.1, ""do"": 0.05, ""context"": 0.1, ""clarity"": 0.1, ""coherence"": 0.05, ""signal"": 0.1, ""density"": 0.1, ""state"": 0.1, ""change"": 0.05, ""completion"": 0.4, ""impact"": 0.05, ""uncertainty"": -0.1}","{""semantic"": {""phase"": ""POSTFLIGHT"", ""confidence"": 0.85}, ""narrative"": ""Session completed: (1) Created comprehensive Railway deployment lesson - 5 findings + 3 unknowns embedded to Qdrant for future AI agent retrieval, (2) Prepared chat backend for Railway - added Procfile, railway.json, PORT env var, configurable EMPIRICA_SDK_PATH. Learning: git-native deployment aligns with Empirica philosophy. Remaining: DNS config for chat.getempirica.com, YouTube embeds on presentations page."", ""evidence_refs"": [""5a3a0d6be326e60efe25b66bdb4dffade1473038""]}",0.328333333333333,0.95,2026-01-09T22:28:05.076046
f070e74d-3668-4dad-b8a5-00c2d5098777,d6779f5f-c56e-40b0-aa46-0f324652160e,claude-code,2026-01-10T19:41:46.820361,POSTFLIGHT,,"{""engagement"": 0.9, ""know"": 0.85, ""do"": 0.8, ""context"": 0.85, ""clarity"": 0.8, ""coherence"": 0.85, ""signal"": 0.8, ""density"": 0.75, ""state"": 0.8, ""change"": 0.7, ""completion"": 0.75, ""impact"": 0.85, ""uncertainty"": 0.25}","{""engagement"": 0.0, ""know"": 0.15, ""do"": 0.05, ""context"": 0.2, ""clarity"": 0.1, ""coherence"": 0.05, ""signal"": 0.1, ""density"": 0.15, ""state"": 0.1, ""change"": 0.0, ""completion"": 0.45, ""impact"": 0.05, ""uncertainty"": -0.05}","{""semantic"": {""phase"": ""POSTFLIGHT"", ""confidence"": 0.75}, ""narrative"": ""Session completed Railway deployment goal. Learned: Railway CLI workflow, plugin installation, ngrok as Cloudflare alternative, custom domain setup. Deployed chat backend successfully - UI loads. Remaining: WebSocket send not working, needs debugging. High impact session - established deployment infrastructure. Logged 8+ findings, 4 unknowns, 1 dead-end."", ""evidence_refs"": [""5b9f6d059741e0a5e09d56d86d938052cae107e6""]}",0.646363636363636,0.95,2026-01-10T19:41:46.820371
23b567cb-a761-4b60-9704-5833307fd1ef,99789dec-ac5f-43a6-84ff-971bb0d850a2,claude-code,2026-01-10T21:50:44.835236,POSTFLIGHT,,"{""engagement"": 0.9, ""know"": 0.8, ""do"": 0.85, ""context"": 0.85, ""clarity"": 0.8, ""coherence"": 0.8, ""signal"": 0.75, ""density"": 0.7, ""state"": 0.7, ""change"": 0.8, ""completion"": 0.6, ""impact"": 0.75, ""uncertainty"": 0.3}","{""engagement"": 0.05, ""know"": 0.2, ""do"": 0.15, ""context"": 0.15, ""clarity"": 0.15, ""coherence"": 0.1, ""signal"": 0.15, ""density"": 0.2, ""state"": 0.05, ""change"": 0.5, ""completion"": 0.5, ""impact"": -0.05, ""uncertainty"": -0.1}","{""semantic"": {""phase"": ""POSTFLIGHT"", ""confidence"": 0.7}, ""narrative"": ""Session accomplished: (1) Fixed WebSocket ws:// to wss:// protocol - chat sends messages now, (2) Set up Cloudflare named tunnel for Ollama with DNS, (3) Updated Discord links site-wide, (4) Diagnosed multiple tunnel failures (ngrok 403, CF quick tunnel). Blocked by OPNsense firewall on port 7844 - need new router setup. Completion 0.6 because Ollama tunnel not yet functional due to firewall."", ""evidence_refs"": [""d8341dbecc6e35af2abf154ae0517b43da667663""]}",0.336666666666667,0.95,2026-01-10T21:50:44.835257
f7653807-adf4-4abd-8679-32e32aa4cef5,cdd6c77f-aaae-4bbb-b1d4-89f1e0471694,claude-code,2026-01-11T15:38:34.793128,POSTFLIGHT,,"{""engagement"": 0.95, ""know"": 0.9, ""do"": 0.9, ""context"": 0.9, ""clarity"": 0.9, ""coherence"": 0.85, ""signal"": 0.85, ""density"": 0.8, ""state"": 0.9, ""change"": 0.85, ""completion"": 0.95, ""impact"": 0.9, ""uncertainty"": 0.1}","{""engagement"": 0.0, ""know"": 0.15, ""do"": 0.1, ""context"": 0.05, ""clarity"": 0.1, ""coherence"": 0.1, ""signal"": 0.05, ""density"": 0.1, ""state"": 0.3, ""change"": 0.45, ""completion"": 0.85, ""impact"": 0.05, ""uncertainty"": -0.15}","{""semantic"": {""phase"": ""POSTFLIGHT"", ""confidence"": 0.9}, ""narrative"": ""Completed all three goals: (1) PluginRegistry now has discover_plugins() using importlib.metadata.entry_points - extensions can auto-register. (2) All 4 extensions now pin empirica>=1.3.0. (3) carapace has direct empirica dep to prevent version conflicts. Key learnings persisted."", ""evidence_refs"": [""6053a0e5e949dab052f9591f3002a2ae46dc5d3c""]}",0.383333333333333,0.95,2026-01-11T15:38:34.793149
255aa5ef-2aaa-4a41-a586-e36b0949a6ee,3b3ad10d-6125-476a-9f64-b3f9d4b0e8c4,claude-code,2026-01-11T22:07:34.079307,POSTFLIGHT,,"{""know"": 0.85, ""do"": 0.9, ""context"": 0.8, ""clarity"": 0.85, ""coherence"": 0.8, ""signal"": 0.75, ""density"": 0.7, ""state"": 0.85, ""change"": 0.8, ""completion"": 0.95, ""impact"": 0.85, ""uncertainty"": 0.15, ""engagement"": 0.9}",,"{""semantic"": {""phase"": ""POSTFLIGHT"", ""confidence"": 0.85}, ""narrative"": ""Tunnel debugging complete. High-impact finding: Ollama blocks non-localhost Host headers. All three tunnel services verified working. Cloudflare live at ollama.getempirica.com."", ""evidence_refs"": [""48d03b2981370618de456ca0cacbdd6bcad53235""]}",-1.44,0.95,2026-01-11T22:07:34.079328
b442fd13-76de-486e-8c2d-547bd9a3b63e,6bd5a0b2-ea4f-42c9-befc-ffc6a5c4cb86,claude-code,2026-01-12T20:58:12.225609,POSTFLIGHT,,"{""engagement"": 0.9, ""know"": 0.75, ""do"": 0.85, ""context"": 0.7, ""clarity"": 0.8, ""coherence"": 0.75, ""signal"": 0.8, ""density"": 0.7, ""state"": 0.8, ""change"": 0.85, ""completion"": 0.6, ""impact"": 0.8, ""uncertainty"": 0.25}","{""engagement"": 0.05, ""know"": 0.2, ""do"": 0.4, ""context"": 0.1, ""clarity"": 0.3, ""coherence"": 0.2, ""signal"": 0.3, ""density"": 0.25, ""state"": 0.3, ""change"": 0.55, ""completion"": 0.45, ""impact"": 0.1, ""uncertainty"": -0.15}","{""semantic"": {""phase"": ""POSTFLIGHT"", ""confidence"": 0.75}, ""narrative"": ""Implemented Prompt Builder MVP with assessment/enhance APIs, dual-mode UI (Quick/Form), AI type categories, iterative refinement. Chat widget restyled. Architecture now needs modularization - single file grew to 2200+ lines. Moving to dedicated project for proper separation of concerns."", ""evidence_refs"": [""968f582354a0610170454daf229c361a28610ee9""]}",0.381666666666667,0.95,2026-01-12T20:58:12.225628
35734630-0e3d-4e9d-9cd7-efc2d8725eaf,325b6ae5-4adf-4136-8661-61a39d94052c,claude-code,2026-01-13T14:09:31.806920,POSTFLIGHT,,"{""engagement"": 0.9, ""know"": 0.9, ""do"": 0.85, ""context"": 0.9, ""clarity"": 0.9, ""coherence"": 0.9, ""signal"": 0.85, ""density"": 0.8, ""state"": 0.85, ""change"": 0.8, ""completion"": 0.95, ""impact"": 0.85, ""uncertainty"": 0.15}","{""engagement"": 0.05, ""know"": 0.55, ""do"": 0.15, ""context"": 0.5, ""clarity"": 0.4, ""coherence"": 0.35, ""signal"": 0.25, ""density"": 0.35, ""state"": 0.45, ""change"": 0.3, ""completion"": 0.85, ""impact"": 0.15, ""uncertainty"": -0.5}","{""semantic"": {""phase"": ""POSTFLIGHT"", ""confidence"": 0.85}, ""narrative"": ""Root cause found and fixed: execute_preflight was broken since CLI deprecation of 'preflight' command. Removed the unnecessary two-step theater - PREFLIGHT is mechanistic self-assessment, not template-driven. Tool count now 56. Documentation updated with explanatory notes about removal."", ""evidence_refs"": [""8218a809dda8b7d7a24504d93316cd85fc2f1ae9""]}",0.381666666666667,0.95,2026-01-13T14:09:31.806941
22fb1da3-8451-4686-82b2-d50d4346da92,746fbce9-d5b9-4324-8ce5-92c04117cc3c,mistral-reasoning,2026-01-13T19:07:42.862441,POSTFLIGHT,,"{""know"": 0.9, ""uncertainty"": 0.1, ""engagement"": 0.8, ""coherence"": 0.9}","{""know"": 0.2, ""uncertainty"": -0.1, ""engagement"": 0.0, ""coherence"": 0.05}","{""semantic"": {""phase"": ""POSTFLIGHT"", ""confidence"": 0.9}, ""narrative"": ""Successfully fixed rovodev system prompt YAML parsing error and investigated execute_preflight command. Learned that execute_preflight is deprecated and not needed. Knowledge increased significantly about the MCP tool mapping and YAML formatting."", ""evidence_refs"": [""704aa82c19fae98fbb80344c46522ac3ea2bdd4d""]}",0.398333333333333,0.95,2026-01-13T19:07:42.862462
783740c8-e413-43e5-a9a9-156b6573a9ae,8fbf3c39-8fa7-4608-972c-f55be1cb570a,claude-code,2026-01-13T20:32:10.906100,POSTFLIGHT,,"{""engagement"": 0.9, ""know"": 0.9, ""do"": 0.95, ""context"": 0.95, ""clarity"": 0.9, ""coherence"": 0.9, ""signal"": 0.85, ""density"": 0.8, ""state"": 0.9, ""change"": 0.9, ""completion"": 1.0, ""impact"": 0.8, ""uncertainty"": 0.1}","{""engagement"": 0.0, ""know"": 0.05, ""do"": 0.05, ""context"": 0.05, ""clarity"": 0.05, ""coherence"": 0.05, ""signal"": 0.05, ""density"": 0.05, ""state"": 0.05, ""change"": 0.1, ""completion"": 0.9, ""impact"": 0.1, ""uncertainty"": -0.05}","{""semantic"": {""phase"": ""POSTFLIGHT"", ""confidence"": 0.9}, ""narrative"": ""Task complete. All three system prompts updated to v1.3.2. No execute_* references found - prompts were already clean. Simple version/date updates only."", ""evidence_refs"": [""26b65888c14e485b7f06f8c832e4f5d658e18954""]}",0.436666666666667,0.95,2026-01-13T20:32:10.906121
20080d55-26ee-4b4a-9631-8067f0a16260,091386e0-81d8-4413-a007-039d0845ebdd,claude-code,2026-01-13T22:11:17.915836,POSTFLIGHT,,"{""know"": 0.85, ""do"": 0.9, ""context"": 0.85, ""clarity"": 0.85, ""coherence"": 0.85, ""signal"": 0.8, ""density"": 0.75, ""state"": 0.85, ""change"": 0.8, ""completion"": 0.95, ""impact"": 0.85, ""uncertainty"": 0.15, ""engagement"": 0.85}","{""know"": 0.15, ""do"": 0.1, ""context"": 0.1, ""clarity"": 0.1, ""coherence"": 0.05, ""signal"": 0.1, ""density"": 0.1, ""state"": 0.15, ""change"": 0.2, ""completion"": 0.8, ""impact"": 0.05, ""uncertainty"": -0.15, ""engagement"": 0.0}","{""semantic"": {""phase"": ""POSTFLIGHT"", ""confidence"": 0.85}, ""narrative"": ""Session completed"", ""evidence_refs"": [""0d67efcc8b6177016a0774c5a4710aae1a3e1194""]}",0.493333333333333,0.95,2026-01-13T22:11:17.915857
31e48bfd-27dd-4b1c-b7ea-d1264c7437f6,091386e0-81d8-4413-a007-039d0845ebdd,claude-code,2026-01-13T22:12:05.103131,POSTFLIGHT,,"{""engagement"": 0.9, ""know"": 0.9, ""do"": 0.95, ""context"": 0.9, ""clarity"": 0.85, ""coherence"": 0.9, ""signal"": 0.85, ""density"": 0.8, ""state"": 0.9, ""change"": 0.85, ""completion"": 1.0, ""impact"": 0.9, ""uncertainty"": 0.1}","{""engagement"": 0.05, ""know"": 0.2, ""do"": 0.15, ""context"": 0.15, ""clarity"": 0.1, ""coherence"": 0.1, ""signal"": 0.15, ""density"": 0.15, ""state"": 0.2, ""change"": 0.25, ""completion"": 0.85, ""impact"": 0.1, ""uncertainty"": -0.2}","{""semantic"": {""phase"": ""POSTFLIGHT"", ""confidence"": 0.9}, ""narrative"": ""Full epistemic loop completed. Goal achieved with all 4 subtasks done. Key learnings: (1) Playground has separate SQLite schema from Empirica core - OAuth sessions != AI sessions, (2) IP tracking allows free tier limits without auth, (3) Example outputs demonstrate value without API costs. Committed to main branch."", ""evidence_refs"": [""797a6cda2ec879788b617eeb1d64331a9382a7f8""]}",0.368333333333333,0.95,2026-01-13T22:12:05.103143
